,y_true,y_pred
3186,Indonesian,Indonesian
18095,English,English
12148,Swedish,Swedish
1986,Romanian,Romanian
12901,Hindi,Hindi
6449,English,English
21461,Hindi,Hindi
11792,English,English
11287,Turkish,Turkish
11466,Portugese,Portugese
15209,Dutch,Dutch
20392,Turkish,Turkish
16144,Spanish,Spanish
6382,Japanese,Chinese
12560,Pushto,Pushto
19305,Urdu,Urdu
6676,English,English
17746,Spanish,Spanish
4302,Persian,Persian
5232,French,French
9410,Persian,Persian
10333,Urdu,Urdu
10169,Latin,Latin
4326,English,English
11888,Hindi,Hindi
16435,Spanish,Spanish
1265,Hindi,Hindi
17962,Swedish,Swedish
12619,Estonian,Estonian
21766,Indonesian,Indonesian
13576,Japanese,Chinese
21268,English,English
4996,Persian,Persian
2996,Korean,Korean
2028,Pushto,Pushto
9477,Portugese,Portugese
19507,Latin,Latin
12358,Japanese,Chinese
11108,Latin,Latin
9842,Russian,Russian
12720,Swedish,Swedish
17543,English,English
6048,French,French
2597,Persian,Persian
18512,English,English
1301,Persian,Persian
13011,Korean,Korean
15352,Russian,Russian
5119,Spanish,Spanish
5786,Urdu,Urdu
21404,Dutch,Dutch
10379,Thai,Thai
3523,Korean,Korean
18855,Latin,Latin
3730,Persian,Persian
18178,Swedish,Swedish
14421,Korean,Korean
18946,Latin,Latin
18699,Japanese,Japanese
13556,Urdu,Urdu
21861,Japanese,Chinese
8572,Arabic,Arabic
10294,Korean,Korean
16213,Turkish,Turkish
18220,Japanese,Chinese
11724,Urdu,Urdu
1508,Tamil,Tamil
16703,Spanish,Spanish
17462,Spanish,English
1196,Korean,Korean
20230,Dutch,Dutch
15758,Latin,Latin
5079,Swedish,Swedish
19940,Japanese,Japanese
19194,Tamil,Tamil
20531,Romanian,Romanian
14012,Urdu,Urdu
4508,Chinese,Chinese
11042,Spanish,Spanish
21070,Hindi,Hindi
383,Latin,Latin
17574,Tamil,Tamil
18247,Dutch,Dutch
17304,Russian,Russian
17188,Tamil,Tamil
1909,Turkish,Turkish
10896,Swedish,Swedish
16317,Thai,Thai
7141,Korean,Korean
1919,Urdu,Urdu
8583,Arabic,Arabic
1725,Turkish,Turkish
2894,Pushto,Pushto
2891,Persian,Persian
15987,Romanian,Romanian
2127,Hindi,Hindi
5567,Dutch,Dutch
9414,Latin,Latin
16434,Chinese,Chinese
6101,Turkish,Turkish
10849,Indonesian,Indonesian
3705,Indonesian,Indonesian
10876,Spanish,Spanish
17388,Portugese,Portugese
9979,French,French
2098,Indonesian,Indonesian
1480,Korean,Chinese
7641,Thai,Thai
12062,Romanian,Romanian
15404,Hindi,Hindi
10688,Tamil,Tamil
2061,Romanian,Romanian
15189,Romanian,Romanian
18270,Tamil,Tamil
3033,Japanese,Chinese
16700,Urdu,Urdu
5481,Urdu,Urdu
10550,Dutch,Dutch
15705,Estonian,Estonian
19777,Japanese,Chinese
3545,Chinese,Chinese
1517,Swedish,Swedish
21373,Indonesian,Indonesian
3276,Urdu,Urdu
11672,Urdu,Urdu
19811,Urdu,Urdu
6635,English,English
18433,Spanish,Spanish
7532,Spanish,Spanish
19115,Russian,Russian
13416,Dutch,Dutch
9106,Dutch,Dutch
13521,Persian,Persian
6035,Indonesian,Indonesian
16551,Korean,Chinese
18936,Swedish,Swedish
3390,Russian,Russian
18040,Spanish,Japanese
3065,Korean,Korean
12661,Estonian,Estonian
9017,Arabic,Arabic
12520,Thai,Thai
8538,Indonesian,Indonesian
18844,Chinese,Spanish
7690,Thai,Thai
10396,Tamil,Tamil
14663,Thai,Thai
199,Turkish,Turkish
9585,Swedish,Swedish
3588,Arabic,Arabic
1601,Hindi,Hindi
2358,Pushto,Pushto
10383,Swedish,Chinese
3836,Chinese,Chinese
21585,Arabic,Arabic
15958,Pushto,Pushto
17425,Estonian,Estonian
17369,Turkish,Turkish
12120,Turkish,Turkish
9549,French,French
2354,Estonian,Estonian
1186,French,French
10337,Persian,Persian
15181,Tamil,Tamil
11797,Indonesian,Indonesian
14156,Swedish,Swedish
20854,Indonesian,Indonesian
3121,Arabic,Arabic
17112,Dutch,Dutch
18846,Latin,Latin
16360,Spanish,Spanish
4310,Latin,Latin
15824,Romanian,Romanian
1812,Portugese,Portugese
18929,Romanian,Romanian
1342,Chinese,Chinese
9049,Latin,Latin
2363,Swedish,Swedish
13052,Portugese,Portugese
13038,Urdu,Urdu
18317,Turkish,Turkish
13417,Portugese,Portugese
10554,Hindi,Hindi
16505,Estonian,Estonian
5534,Russian,Russian
8835,Japanese,Chinese
5136,French,French
3489,Portugese,Portugese
8650,Latin,Latin
3269,Portugese,Portugese
492,Romanian,Romanian
9619,Tamil,Tamil
19225,Russian,Russian
9392,Urdu,Urdu
20528,Pushto,Pushto
11925,Korean,Korean
20504,Turkish,Turkish
15011,Russian,Russian
6572,Korean,Korean
12314,Indonesian,Indonesian
3140,Estonian,Estonian
18940,Russian,Russian
7598,Estonian,Estonian
4838,English,English
3963,Spanish,Spanish
9139,Swedish,Swedish
44,Indonesian,Indonesian
2702,Thai,Thai
13241,Persian,Persian
1060,Tamil,Tamil
18733,Hindi,Hindi
2857,Estonian,Estonian
7930,Korean,Korean
247,Hindi,Hindi
134,Persian,Persian
14609,French,French
7683,Swedish,Swedish
17164,Russian,Russian
5838,Hindi,Hindi
19941,Russian,Russian
4345,Korean,Korean
15711,Estonian,Estonian
3928,Portugese,Portugese
17297,French,French
21102,Tamil,Tamil
15654,Estonian,Estonian
13658,Arabic,Arabic
1205,Urdu,Urdu
16324,Chinese,Chinese
15532,Persian,Persian
16065,Dutch,Dutch
2160,Persian,Persian
10479,Dutch,Dutch
16942,French,French
973,Japanese,Chinese
19848,Chinese,Chinese
10293,Latin,Latin
7367,Swedish,Swedish
17689,Pushto,Pushto
8714,French,French
6641,Korean,Korean
15164,French,French
17635,Persian,Persian
1247,Indonesian,Indonesian
11413,Dutch,Dutch
7071,Arabic,Arabic
19946,French,French
3538,Korean,Chinese
10690,Chinese,Chinese
9892,Swedish,Swedish
8776,Chinese,Chinese
17794,Pushto,Pushto
6956,Hindi,Hindi
15856,Japanese,Chinese
14052,Japanese,Chinese
8360,Japanese,Chinese
11494,Arabic,Arabic
2263,Japanese,Japanese
16355,French,French
3245,Romanian,Romanian
21820,Japanese,Chinese
3411,English,English
16299,Korean,Korean
20775,Portugese,Portugese
16817,Dutch,Dutch
1096,Arabic,Arabic
21077,Spanish,Spanish
1067,Portugese,Portugese
19782,Hindi,Hindi
8665,Russian,Russian
8729,Turkish,Turkish
16720,Russian,Russian
13763,Hindi,Hindi
17942,Spanish,Spanish
8414,Chinese,Chinese
4286,Estonian,Estonian
20679,Urdu,Urdu
19518,French,French
10559,Thai,Thai
4743,Indonesian,Indonesian
13032,Dutch,Dutch
20918,Portugese,Portugese
1771,French,French
20631,Pushto,Pushto
2691,Pushto,Pushto
11430,Tamil,Tamil
11525,Persian,Persian
12110,Hindi,Hindi
10864,Arabic,Arabic
18341,Japanese,Japanese
16462,Persian,Persian
3162,Persian,Persian
19404,Hindi,Hindi
13718,Hindi,Hindi
14034,Portugese,Portugese
10560,English,English
15017,Indonesian,Indonesian
3058,Portugese,Portugese
17632,Pushto,Pushto
10436,Estonian,Estonian
19539,English,English
8908,Urdu,Urdu
13270,Chinese,Estonian
6754,Russian,Russian
18537,Turkish,Turkish
1038,Dutch,Dutch
11543,Spanish,Spanish
21041,Chinese,Chinese
16037,Urdu,Urdu
9614,Thai,Thai
10027,Arabic,Arabic
19657,Pushto,Chinese
15080,Chinese,Chinese
9671,Arabic,Arabic
9275,Arabic,Arabic
982,Thai,Thai
12715,English,English
11263,French,French
1031,Estonian,Estonian
11859,Pushto,Pushto
10685,Latin,Latin
13942,Chinese,Chinese
17100,Estonian,Estonian
8788,Tamil,Tamil
2162,Swedish,Swedish
504,Arabic,Arabic
9561,Spanish,Spanish
15630,French,French
17814,Arabic,Arabic
369,Dutch,Dutch
12601,Romanian,Romanian
3088,Korean,Korean
12795,Spanish,Spanish
8923,Portugese,Portugese
2092,Hindi,Hindi
17868,Spanish,Spanish
13989,Hindi,English
18193,Korean,Korean
11049,Indonesian,Indonesian
21405,Portugese,Portugese
16584,Chinese,Chinese
16071,Turkish,Turkish
6253,Persian,Persian
19021,English,English
21488,Spanish,Spanish
8289,Estonian,Estonian
1332,Thai,Thai
6455,Tamil,Tamil
15652,Pushto,Pushto
16940,Urdu,Urdu
14865,Latin,Latin
2463,Thai,Thai
814,Turkish,Turkish
20397,Pushto,Pushto
10045,Portugese,Portugese
17277,Spanish,Spanish
3502,Thai,Thai
21390,Hindi,Hindi
18547,Thai,English
6122,Swedish,Swedish
11402,Swedish,Swedish
424,Japanese,Japanese
4762,Turkish,Turkish
2258,Dutch,Dutch
6172,Tamil,Tamil
14226,English,English
5909,Chinese,Chinese
2656,Romanian,Romanian
4491,Russian,Russian
12325,Romanian,Romanian
12467,Chinese,Chinese
2930,Korean,Korean
8644,Arabic,Arabic
3367,Turkish,Spanish
7317,French,French
16052,Dutch,Dutch
10227,Turkish,Turkish
21742,Turkish,Turkish
19721,Tamil,Tamil
12970,Tamil,Tamil
18196,Latin,Latin
8024,Estonian,Estonian
5459,Persian,Persian
16865,Swedish,Swedish
9105,Urdu,Urdu
475,Russian,Russian
868,Spanish,Spanish
3744,Chinese,Chinese
13823,English,English
11528,Persian,Persian
19851,Dutch,Dutch
16282,Spanish,Spanish
4861,Spanish,Spanish
11744,Urdu,Urdu
4405,Persian,Persian
12959,Urdu,Urdu
16765,Thai,Thai
6205,Russian,Russian
4222,Urdu,Urdu
14582,Korean,Korean
13414,Arabic,Arabic
2302,Persian,Persian
6099,English,English
14088,Thai,Thai
2531,Indonesian,Indonesian
3726,Chinese,Chinese
12092,French,French
7697,Estonian,Estonian
6508,French,French
6202,Indonesian,Indonesian
6108,Turkish,Turkish
20088,Portugese,Portugese
19519,Arabic,Arabic
16200,Latin,Latin
19572,Latin,Latin
14870,Urdu,Urdu
15852,Tamil,Tamil
3987,Chinese,Chinese
14041,Chinese,Chinese
21042,Thai,Thai
720,Korean,Korean
6156,Dutch,Dutch
9299,Indonesian,Indonesian
4494,Urdu,Urdu
15562,Japanese,Chinese
7828,Romanian,Romanian
7501,Turkish,Turkish
13251,Swedish,Swedish
16747,Latin,Latin
2425,Latin,Latin
11966,Turkish,Turkish
8301,Swedish,Swedish
9045,Thai,Thai
1494,Spanish,Spanish
690,Hindi,Hindi
2879,Thai,Thai
2278,Estonian,Chinese
4598,Arabic,Arabic
14844,Pushto,Pushto
2662,Korean,Korean
18938,English,English
7124,Romanian,Romanian
14528,Indonesian,Indonesian
642,English,English
16254,Latin,Latin
21148,Thai,Thai
6047,Turkish,Turkish
6938,Korean,Korean
17739,Persian,Persian
3128,Turkish,Turkish
2725,Indonesian,Indonesian
15091,Tamil,Tamil
17355,Thai,Thai
13266,Portugese,Portugese
12669,Dutch,Dutch
8292,Portugese,Portugese
13562,Russian,Russian
19020,Persian,Persian
16111,Tamil,Tamil
15745,Pushto,Pushto
3297,Estonian,Estonian
4558,Swedish,Swedish
12047,Swedish,Swedish
19769,Spanish,Spanish
14786,Latin,Latin
7973,Tamil,Tamil
2069,French,French
17536,Japanese,Chinese
221,Hindi,Hindi
858,Swedish,Swedish
2433,Hindi,Hindi
1431,Spanish,Spanish
18066,Chinese,Chinese
7300,French,French
5495,Hindi,Hindi
15601,Chinese,Chinese
9255,Tamil,Tamil
1716,Arabic,Arabic
12863,Tamil,Tamil
341,Swedish,Swedish
12283,Tamil,Tamil
17066,Urdu,Urdu
15358,English,English
2540,Romanian,Romanian
15780,Indonesian,Indonesian
7078,Turkish,Turkish
2713,Swedish,Swedish
3225,Tamil,Tamil
4547,Latin,Latin
13875,Estonian,Estonian
11915,Tamil,Tamil
4361,Turkish,Turkish
20098,Swedish,Swedish
8435,Russian,Russian
8552,Japanese,Chinese
18125,Pushto,Pushto
20731,Romanian,Romanian
10593,Indonesian,Indonesian
6004,Thai,Thai
2742,Swedish,Swedish
3994,Persian,Persian
20980,Thai,Thai
10253,Chinese,Chinese
8283,Romanian,Romanian
19167,Chinese,Chinese
20083,Japanese,Japanese
4624,Dutch,Dutch
564,Persian,Persian
21639,Tamil,Tamil
3085,Persian,Persian
18922,Romanian,Romanian
14355,French,French
8805,Indonesian,Indonesian
17752,Spanish,Spanish
15546,Swedish,Swedish
11258,Korean,Korean
18483,Dutch,Dutch
10306,Dutch,Dutch
7720,Dutch,Dutch
2246,Indonesian,Indonesian
20696,Tamil,Tamil
11021,French,French
3768,Latin,Latin
5216,Indonesian,Indonesian
21246,Hindi,Hindi
5571,French,French
13544,Arabic,Arabic
2346,Dutch,Dutch
21508,Swedish,Swedish
17052,Russian,Russian
17454,Spanish,Spanish
4537,Romanian,Romanian
10311,Dutch,Dutch
8436,Spanish,Spanish
8894,Turkish,Turkish
4866,Romanian,Romanian
17385,Urdu,Urdu
11718,Indonesian,Indonesian
15365,Persian,Persian
34,Indonesian,Indonesian
12754,French,French
12263,Romanian,Romanian
16704,Pushto,Pushto
14110,Thai,Thai
2952,French,French
21468,Spanish,Spanish
10062,Indonesian,Indonesian
1690,Urdu,Urdu
13706,Tamil,Tamil
11795,Romanian,Romanian
6519,Romanian,Romanian
7634,Estonian,Estonian
8309,Tamil,Tamil
3718,Tamil,Tamil
11582,Arabic,Arabic
19882,Thai,Thai
15558,Pushto,Pushto
2239,Arabic,Arabic
1315,Russian,Russian
9007,Portugese,Portugese
208,Dutch,Dutch
15419,English,English
7059,Thai,Thai
18600,Chinese,Chinese
1704,Hindi,Hindi
15552,Persian,Persian
2212,Turkish,Turkish
12418,Japanese,Chinese
18950,French,French
16701,Korean,Korean
14365,Persian,Persian
14414,Russian,Russian
20522,Hindi,Hindi
4360,Indonesian,Indonesian
3519,Romanian,Romanian
21230,Indonesian,Indonesian
1049,Romanian,Romanian
210,Pushto,Pushto
19952,Thai,Thai
17281,Indonesian,Chinese
6259,French,French
21974,Arabic,Arabic
16036,Indonesian,Indonesian
10793,Arabic,Arabic
11634,Estonian,Estonian
6063,Thai,Thai
10186,Latin,Latin
6945,Korean,Korean
10058,Korean,Korean
13079,Spanish,Spanish
20298,Persian,Persian
16344,Pushto,Pushto
9732,Thai,Thai
2925,Portugese,Portugese
13092,Thai,Thai
5494,Romanian,Romanian
15888,Portugese,Portugese
5247,Thai,Thai
14086,Latin,Latin
17530,Dutch,Dutch
9298,Estonian,Estonian
19026,Spanish,Spanish
8391,Estonian,Estonian
2154,Russian,Russian
9956,French,French
12232,Portugese,Portugese
20708,Korean,Korean
3223,Swedish,Swedish
10184,Tamil,Tamil
13555,English,English
21933,Swedish,Swedish
6370,Chinese,Chinese
7563,Romanian,Romanian
8934,Russian,Russian
5096,Indonesian,Indonesian
7102,Latin,Latin
12407,Japanese,Chinese
14852,Dutch,Dutch
14508,Persian,Persian
4921,Portugese,Portugese
2493,Turkish,Turkish
6536,Dutch,Dutch
11587,Tamil,Tamil
947,Japanese,Chinese
6093,Latin,Latin
9527,Latin,Latin
13739,Portugese,Portugese
14093,Turkish,Turkish
18016,Korean,Korean
7132,Romanian,Romanian
17983,Romanian,Romanian
16400,French,French
13844,Urdu,Urdu
5265,Persian,Persian
12512,Japanese,Chinese
19111,Latin,English
513,Russian,Russian
17639,Turkish,Turkish
5824,Turkish,Turkish
2529,Portugese,Portugese
21125,English,English
16906,Korean,Korean
385,Spanish,Spanish
21484,Thai,Thai
21325,Persian,Persian
737,Hindi,Hindi
6188,Indonesian,Indonesian
8130,Pushto,Pushto
1814,Thai,Thai
12408,Latin,French
10846,Russian,Russian
20420,Turkish,Turkish
7337,Pushto,Pushto
21798,Arabic,Arabic
14211,Turkish,Turkish
14192,Indonesian,Estonian
15230,Indonesian,Indonesian
11398,Latin,Latin
4050,English,English
13863,Swedish,Swedish
10334,Spanish,Spanish
1989,Persian,Persian
3381,English,English
19428,Russian,Russian
14710,Korean,Korean
12629,Estonian,Estonian
16793,Estonian,Estonian
17463,Arabic,Arabic
13724,Pushto,Pushto
20495,Japanese,Chinese
9799,Korean,Korean
15811,Dutch,Dutch
19248,Korean,Korean
6575,Romanian,Romanian
20610,Arabic,Arabic
408,Pushto,Pushto
7619,Dutch,Dutch
16717,Persian,Persian
21186,Urdu,Urdu
8548,Estonian,Estonian
1454,Japanese,Chinese
6219,Romanian,Romanian
21127,Dutch,Dutch
3017,Arabic,Arabic
18556,Thai,Thai
20920,Latin,Estonian
17241,Pushto,Pushto
3684,Swedish,Swedish
5458,Estonian,Estonian
555,Estonian,Estonian
5725,Turkish,Turkish
4417,Romanian,Romanian
13031,Urdu,Urdu
21210,Romanian,Romanian
15771,Russian,Russian
1509,Portugese,Portugese
14249,Russian,Russian
11766,Thai,Thai
15879,French,French
7261,Romanian,Romanian
21290,Korean,Korean
3310,Korean,Korean
21303,Portugese,Portugese
4165,Latin,Latin
6917,Turkish,Turkish
4176,Arabic,Arabic
19275,Persian,Persian
21908,Swedish,Swedish
15107,Korean,Korean
20093,French,French
7550,English,English
17511,Urdu,Urdu
17700,Hindi,Hindi
8541,Pushto,Pushto
16336,Hindi,Hindi
10431,Spanish,Spanish
14969,Arabic,Arabic
15361,Swedish,Swedish
14286,Turkish,Turkish
448,Korean,Korean
12031,Indonesian,Indonesian
8747,French,French
7924,Indonesian,Indonesian
14879,Spanish,Spanish
8584,Urdu,Urdu
16361,Korean,Korean
21192,Tamil,Tamil
14809,English,English
4428,Thai,Thai
19221,Arabic,Arabic
15730,Korean,Korean
5907,Tamil,Tamil
4523,Korean,Korean
15590,Chinese,Chinese
3123,Arabic,Arabic
6044,Estonian,Latin
18072,English,English
9379,Swedish,Swedish
14133,Portugese,Portugese
13709,Thai,Thai
3495,Estonian,Estonian
17034,Chinese,Chinese
19206,Turkish,Turkish
11322,Spanish,Spanish
291,Estonian,Estonian
14617,Russian,Russian
14964,Urdu,Urdu
11189,Hindi,Hindi
12511,Estonian,Estonian
8983,Chinese,Chinese
16668,Korean,Korean
3980,Japanese,Latin
15473,Latin,Latin
3594,Persian,Arabic
1834,Pushto,Pushto
8311,Persian,Persian
7151,Swedish,Swedish
10232,Estonian,Estonian
14112,Korean,Korean
18310,Turkish,Turkish
10552,Chinese,English
6341,Romanian,Romanian
13839,Russian,Russian
10935,Portugese,Portugese
4660,Arabic,Arabic
6377,Swedish,Swedish
15715,English,English
19047,Turkish,Turkish
10580,Pushto,Pushto
8625,French,French
7833,Pushto,English
5911,Urdu,Urdu
3974,Hindi,Hindi
21236,Estonian,Estonian
7864,Estonian,Estonian
608,Tamil,Tamil
13641,Hindi,Hindi
6769,Spanish,Spanish
17260,Japanese,Japanese
6827,Turkish,Turkish
2919,English,English
8183,Romanian,Romanian
15239,English,English
1719,Hindi,Hindi
10215,Korean,Korean
2944,Indonesian,Indonesian
10856,Thai,Thai
21490,Pushto,Pushto
2899,Indonesian,Indonesian
16329,Japanese,Chinese
18740,Portugese,Portugese
8395,Tamil,Tamil
6660,Tamil,Tamil
1641,English,Turkish
11128,Japanese,Chinese
21117,French,French
12246,Swedish,Swedish
4296,Korean,Korean
8148,Spanish,Spanish
17937,Swedish,Swedish
15932,Japanese,Chinese
19948,Dutch,Dutch
7375,Portugese,Portugese
1231,Latin,Latin
9701,Swedish,Swedish
425,Swedish,Swedish
1091,English,English
12124,Turkish,Turkish
13388,Pushto,Pushto
17985,Urdu,Urdu
3810,Swedish,Swedish
20316,Spanish,Spanish
19423,Korean,Korean
13198,Pushto,Pushto
9986,English,English
18048,Latin,Latin
12868,Pushto,Pushto
2781,Turkish,Turkish
14577,Tamil,Tamil
13311,Dutch,Dutch
7063,Persian,Persian
6373,Pushto,Pushto
16399,Korean,Korean
17294,Russian,Russian
6908,Romanian,Romanian
17377,Latin,Latin
16711,Russian,Russian
5111,Indonesian,Indonesian
4059,Spanish,Latin
14825,Persian,Persian
2532,Swedish,Swedish
8510,Romanian,Romanian
9195,Pushto,Pushto
13227,Spanish,Spanish
3015,English,English
19043,Arabic,Arabic
6268,Tamil,Tamil
18928,Hindi,Hindi
20236,Thai,Thai
15067,Urdu,Urdu
11670,Persian,Persian
344,Swedish,Swedish
7348,Latin,Latin
9505,Portugese,Portugese
5128,Arabic,Arabic
9014,Swedish,Swedish
7689,Korean,Korean
2374,Chinese,Chinese
10953,Urdu,Urdu
6124,Portugese,Portugese
17239,Romanian,Romanian
3409,Urdu,Urdu
9882,Arabic,Arabic
20049,Swedish,Swedish
5392,Romanian,Romanian
11426,Thai,Thai
6132,Swedish,Swedish
21122,Romanian,Romanian
13630,Chinese,Chinese
9061,Romanian,Romanian
6311,Persian,Persian
8236,Persian,Persian
15621,Korean,Korean
17603,Persian,Persian
17285,Russian,Chinese
1617,Arabic,Arabic
9667,Dutch,Dutch
15353,Hindi,Hindi
938,Persian,Persian
13272,Arabic,Arabic
4840,Chinese,English
2267,Indonesian,Indonesian
8993,Romanian,Romanian
6333,Urdu,Urdu
9345,Arabic,Arabic
16279,Turkish,Turkish
11272,Chinese,Chinese
21919,Portugese,Portugese
7718,Indonesian,Indonesian
21206,Persian,Persian
6491,Tamil,Tamil
21157,Thai,Thai
13327,Dutch,Dutch
12012,Chinese,Chinese
15307,Latin,French
16281,Romanian,Romanian
4088,Spanish,Spanish
7322,Chinese,Chinese
1056,Hindi,Hindi
20615,Korean,Korean
18528,Romanian,Romanian
10491,Turkish,Turkish
21685,Urdu,Urdu
14325,Tamil,Tamil
12751,Latin,Latin
8444,Latin,Latin
8095,French,French
14435,Indonesian,Indonesian
15135,Persian,Persian
5380,Indonesian,Indonesian
9798,English,English
16934,Urdu,Urdu
7334,Dutch,Dutch
14016,Indonesian,Indonesian
10048,French,French
4182,Urdu,Urdu
7573,Tamil,Tamil
8612,Portugese,Portugese
9646,Thai,Thai
20579,Japanese,Japanese
8022,Romanian,Romanian
8567,Indonesian,Indonesian
9066,Persian,Persian
7615,Japanese,Chinese
8963,Korean,Korean
12604,Portugese,Portugese
5468,Swedish,Swedish
16531,Indonesian,Indonesian
7915,Japanese,Chinese
12964,Romanian,Romanian
4368,Arabic,Arabic
16306,Spanish,Spanish
3549,Chinese,Chinese
19994,Urdu,Urdu
8184,Japanese,Chinese
1461,Urdu,Urdu
5275,Swedish,Swedish
3842,Chinese,Chinese
12825,Turkish,Turkish
8791,Korean,Korean
8334,French,French
19888,Persian,Persian
10769,Dutch,Dutch
13279,Spanish,Spanish
19226,Spanish,Spanish
21132,Chinese,Chinese
20138,Hindi,Hindi
13321,Turkish,Turkish
20464,Japanese,Chinese
10026,Latin,Latin
322,Turkish,Turkish
5788,Hindi,Hindi
11967,Swedish,Swedish
19496,Arabic,Arabic
20818,Dutch,Dutch
2199,Spanish,Spanish
9577,Latin,Latin
1888,Pushto,Pushto
19754,Hindi,Hindi
19437,Thai,Thai
6698,Spanish,Spanish
5644,Russian,Russian
19912,Indonesian,Indonesian
20498,Tamil,Tamil
21812,Korean,Korean
15493,Korean,Korean
11103,Tamil,Tamil
8081,Estonian,Estonian
16140,Dutch,Dutch
9664,Pushto,Pushto
15256,Dutch,Dutch
2749,Portugese,Portugese
10085,Korean,Korean
485,Thai,Thai
2782,Latin,Latin
1869,Tamil,Tamil
3947,Estonian,Estonian
845,Estonian,Estonian
15367,Spanish,Spanish
15106,English,English
19399,Japanese,Chinese
4863,Dutch,Dutch
5772,Korean,Korean
21115,Estonian,Estonian
10038,Pushto,Pushto
18701,Romanian,Romanian
4488,French,French
5697,Turkish,Turkish
16216,Thai,Thai
10635,Arabic,Arabic
20445,Romanian,Romanian
3910,Russian,Russian
7789,Tamil,Tamil
13443,Persian,Persian
3157,Turkish,Turkish
19756,Spanish,Spanish
18423,Spanish,Spanish
19491,English,English
16553,Urdu,Urdu
18237,English,English
12287,Portugese,Portugese
16894,Romanian,Chinese
18572,Korean,Korean
9900,Latin,Latin
19215,Chinese,Chinese
13803,Pushto,Pushto
3505,Pushto,Pushto
7138,Urdu,Urdu
15482,Thai,Thai
2877,Indonesian,Indonesian
13057,Estonian,Estonian
20613,Romanian,Romanian
13074,Estonian,Estonian
3720,Korean,Korean
7135,Arabic,Arabic
8682,Russian,Russian
14839,Estonian,Estonian
13878,Dutch,Dutch
19719,French,French
14485,Turkish,Turkish
16962,Latin,Latin
18468,Persian,Persian
16771,Japanese,Chinese
10483,Persian,Persian
9997,Dutch,Dutch
18609,Korean,Korean
11359,Arabic,Arabic
2401,Pushto,Pushto
7050,Thai,Thai
2184,English,English
10103,Arabic,Arabic
4434,Persian,Persian
6278,Arabic,Arabic
7017,Thai,Thai
21278,Chinese,Chinese
13677,Romanian,Romanian
1976,Urdu,Urdu
13116,Urdu,English
14856,Dutch,Dutch
7932,Pushto,Pushto
19969,Russian,Russian
2256,Korean,Korean
2093,English,English
4480,Romanian,Romanian
10532,Romanian,Romanian
8088,Urdu,Urdu
452,Romanian,Romanian
17350,Urdu,Urdu
12167,Arabic,Arabic
12356,Latin,Latin
18421,Swedish,Swedish
15775,Latin,Latin
913,Turkish,Turkish
12581,Chinese,Chinese
15762,Portugese,Portugese
19622,Pushto,Pushto
10086,Arabic,Arabic
4156,French,French
3311,Spanish,Spanish
17550,Latin,Latin
9308,Urdu,Urdu
1452,Romanian,Romanian
7121,Persian,Persian
12158,Persian,Persian
1951,Portugese,Portugese
5579,Indonesian,Indonesian
133,Korean,Korean
4843,Turkish,Turkish
17461,Romanian,Romanian
9137,Latin,Latin
14892,Korean,Korean
3601,Estonian,Estonian
19620,Romanian,Romanian
11890,Urdu,Urdu
3398,Thai,Thai
8867,Russian,English
19429,Dutch,Dutch
6654,Korean,Korean
12871,Turkish,Turkish
19949,Romanian,Romanian
21934,Spanish,Spanish
6248,Turkish,Turkish
13855,Latin,Latin
17336,Japanese,Chinese
8928,Romanian,Romanian
19499,Japanese,Japanese
14749,Russian,Russian
8359,Pushto,Pushto
2150,French,French
19681,Persian,Persian
19688,Portugese,Portugese
11459,Turkish,Turkish
8287,Turkish,Turkish
12972,English,English
18080,Hindi,Hindi
13926,Dutch,Dutch
18137,Thai,Chinese
1585,Indonesian,Indonesian
20534,Chinese,Chinese
2873,Korean,Korean
13372,Thai,Thai
7184,Romanian,Romanian
4870,Swedish,Swedish
3719,French,French
2546,Hindi,Hindi
9905,Urdu,Urdu
1498,Swedish,Swedish
6360,Turkish,Turkish
17303,Hindi,Hindi
7826,Portugese,Portugese
19125,French,French
7816,Korean,Korean
10391,Chinese,Chinese
8111,Spanish,Spanish
12228,French,French
20366,Chinese,Chinese
8454,Estonian,Estonian
11081,Pushto,Pushto
21172,Japanese,Chinese
20481,Chinese,Chinese
6657,Swedish,Swedish
21294,Spanish,Spanish
2908,Chinese,Chinese
7594,Turkish,Turkish
4940,French,French
18710,Romanian,Romanian
11864,Romanian,Romanian
17032,Persian,Persian
19996,Thai,Thai
14724,Swedish,Swedish
6964,Tamil,Tamil
16364,Japanese,Japanese
5598,Swedish,Swedish
13774,Japanese,Chinese
7812,Dutch,Dutch
11941,Pushto,Pushto
1515,Turkish,Turkish
8996,Indonesian,Indonesian
9234,Latin,Latin
6006,Russian,Russian
7702,Indonesian,Indonesian
1294,Tamil,Tamil
3741,Indonesian,Indonesian
7674,Estonian,Estonian
7876,Japanese,Chinese
19030,Russian,Russian
19692,Estonian,Estonian
7920,Chinese,Chinese
11017,Japanese,Chinese
15951,English,English
3280,French,French
8913,Thai,Thai
16972,Urdu,Urdu
20975,Tamil,Tamil
4896,Spanish,Spanish
15478,English,English
15171,Thai,Thai
16873,Japanese,Japanese
19218,Urdu,Urdu
19023,Persian,Persian
14375,Hindi,Hindi
483,Portugese,Portugese
8231,Korean,Korean
5597,Estonian,Estonian
12642,Pushto,English
17439,Indonesian,Indonesian
5204,Latin,Latin
10854,Pushto,Pushto
19822,Arabic,Arabic
1774,Indonesian,Indonesian
139,Latin,Latin
10052,Tamil,Tamil
17139,French,French
17842,Tamil,Tamil
17903,Latin,Latin
21418,Spanish,Spanish
18580,Korean,Korean
21414,Korean,Korean
7397,Latin,Latin
16687,Urdu,Urdu
265,Russian,Russian
16983,Dutch,Dutch
3130,Estonian,Estonian
21494,Thai,Thai
9539,Turkish,Turkish
13616,Arabic,Latin
10127,Spanish,Spanish
12506,Romanian,Romanian
10578,Korean,Korean
3935,Thai,Thai
21410,Swedish,Swedish
3514,English,English
9094,Chinese,Chinese
15242,Swedish,Swedish
5438,Spanish,Spanish
17711,Portugese,Portugese
12878,French,French
16058,Thai,Thai
21833,Arabic,Arabic
4933,Swedish,Swedish
16267,Turkish,Turkish
21629,Turkish,Turkish
20080,Chinese,Chinese
4798,Indonesian,Indonesian
9576,Dutch,Dutch
3605,Pushto,Pushto
2480,Turkish,Turkish
1479,Korean,Korean
14200,English,English
3964,Russian,Russian
3484,Chinese,Chinese
6466,English,English
21207,Hindi,Hindi
18084,Turkish,Turkish
20786,Russian,Russian
21244,Tamil,Tamil
18414,Thai,Thai
3111,Urdu,Urdu
15120,Dutch,Dutch
10652,English,English
274,Urdu,Urdu
11383,Latin,Latin
805,Arabic,Arabic
6916,Thai,Thai
20914,Korean,Korean
5969,Romanian,Romanian
2181,Dutch,Dutch
20743,Arabic,Arabic
6605,English,English
2312,Persian,Persian
2123,Japanese,Japanese
20757,Thai,Thai
13055,Urdu,Urdu
7235,Romanian,Romanian
3632,Persian,Persian
16924,Estonian,Estonian
1402,Portugese,Portugese
15162,Swedish,Swedish
20380,Hindi,Hindi
323,Japanese,Japanese
4160,Latin,Latin
3915,Korean,Korean
7565,Swedish,Swedish
6826,Portugese,Portugese
5305,Romanian,Romanian
4173,Chinese,Chinese
2421,Hindi,Hindi
6933,Latin,Latin
8981,Latin,Latin
17535,Estonian,Estonian
18974,Korean,Korean
18973,Japanese,Japanese
5888,Thai,Thai
21448,Arabic,Arabic
19645,Swedish,Swedish
15068,Thai,Thai
20126,English,English
3248,Korean,Korean
17915,Turkish,Turkish
10014,Latin,Latin
13017,Latin,Latin
19093,Romanian,Romanian
3876,Latin,Latin
5575,Persian,Persian
1118,Urdu,Urdu
2841,Korean,Korean
4464,Estonian,Estonian
6618,Thai,Thai
15928,Portugese,Portugese
5499,Pushto,Pushto
20028,Portugese,Portugese
3030,Portugese,Portugese
14869,Turkish,Turkish
6111,Tamil,Tamil
15950,Spanish,French
21878,Estonian,Estonian
17914,Chinese,Chinese
1081,Japanese,Chinese
8736,Spanish,Spanish
11079,Portugese,Portugese
16038,Russian,Russian
17674,Latin,Latin
11798,Indonesian,Indonesian
18706,French,French
11266,Romanian,Romanian
19346,Swedish,Swedish
13160,Urdu,Urdu
8700,Arabic,Arabic
14626,Chinese,Chinese
16956,Pushto,Pushto
3050,Portugese,Portugese
3215,Urdu,Urdu
16922,Russian,Russian
16154,Korean,Korean
3962,Tamil,Tamil
2337,Japanese,Japanese
10208,Spanish,Spanish
11227,Dutch,Dutch
14848,Russian,Russian
3761,English,English
17313,Dutch,Dutch
21672,Dutch,Dutch
2893,English,English
11719,Latin,French
15408,Romanian,Romanian
877,Chinese,Chinese
2965,French,French
13523,Romanian,Romanian
8260,Romanian,Romanian
14723,Indonesian,Indonesian
20493,Korean,Korean
18892,Tamil,Tamil
5572,Urdu,Urdu
2051,Romanian,Romanian
11038,Russian,Russian
3077,Arabic,Arabic
14602,Dutch,Dutch
3945,Indonesian,Indonesian
13320,Turkish,Turkish
4583,English,English
4019,Dutch,Dutch
16663,Indonesian,Indonesian
11324,Thai,Thai
11163,Swedish,Swedish
4209,Indonesian,Indonesian
17751,Turkish,Turkish
6157,Russian,Russian
346,Latin,Latin
7626,Turkish,Turkish
7800,Turkish,Turkish
11134,Dutch,Dutch
2567,Urdu,Urdu
21344,Romanian,Romanian
9506,Hindi,Hindi
2209,Urdu,Urdu
4813,Estonian,Estonian
6230,Japanese,Chinese
16679,Japanese,Chinese
19123,Indonesian,Indonesian
19631,Russian,Russian
12403,Chinese,Chinese
13455,Chinese,Chinese
12902,Japanese,Japanese
6743,Persian,Persian
7662,Russian,Russian
15055,Tamil,Tamil
17473,Chinese,Chinese
746,French,French
16026,Urdu,Urdu
1416,English,English
16913,Portugese,Portugese
16681,Spanish,Spanish
11725,Portugese,Portugese
13472,Swedish,Swedish
651,French,French
439,Urdu,Urdu
14394,Arabic,Arabic
13778,Spanish,Spanish
9344,Pushto,Pushto
11078,Spanish,Spanish
1822,Romanian,Romanian
10271,Pushto,Pushto
11686,Turkish,Turkish
2471,Chinese,Chinese
3800,Pushto,Pushto
5589,Japanese,Chinese
15805,Dutch,Dutch
1899,Arabic,Arabic
6435,Romanian,Romanian
15983,Arabic,Arabic
20033,Dutch,Dutch
12729,Tamil,Tamil
8400,Spanish,Spanish
9068,Chinese,Chinese
16648,Pushto,Pushto
1462,Thai,Thai
15457,Latin,Latin
2049,English,English
10384,Indonesian,Chinese
1219,Tamil,Tamil
11127,French,French
17165,Latin,Latin
16043,Russian,Russian
15662,Thai,Thai
4954,Russian,Russian
4404,Latin,Latin
11931,Japanese,Japanese
2012,Swedish,Swedish
14754,Persian,Persian
2020,Japanese,Japanese
8954,Pushto,Pushto
21339,Japanese,Chinese
8631,English,English
1457,Russian,Russian
10371,Portugese,Portugese
1577,Latin,Latin
8495,Portugese,Portugese
18900,Swedish,Swedish
11003,Indonesian,Indonesian
8082,Arabic,Arabic
5410,Dutch,Dutch
14392,Urdu,Urdu
3650,English,English
15304,Indonesian,Indonesian
18026,Latin,Latin
18785,Urdu,Urdu
12777,English,English
9244,Indonesian,Indonesian
3222,Estonian,Estonian
1101,Swedish,Swedish
8852,Pushto,Pushto
18452,Estonian,Estonian
17349,Turkish,Turkish
1292,Dutch,Dutch
7590,Hindi,Hindi
8084,Hindi,Hindi
8153,Swedish,Swedish
15770,Swedish,Swedish
9256,Turkish,Turkish
6631,Dutch,Dutch
10899,Japanese,Chinese
7349,Estonian,Estonian
2739,Romanian,Romanian
21577,Turkish,Turkish
12561,Romanian,Romanian
12698,Urdu,Urdu
15069,Thai,Thai
18863,Swedish,Swedish
14442,Urdu,Urdu
5547,Estonian,Estonian
14323,Japanese,Chinese
10407,English,English
6257,Korean,Korean
539,Dutch,Dutch
3504,Estonian,Estonian
14601,Estonian,Estonian
18842,Latin,Latin
8049,Pushto,Pushto
4789,Portugese,Portugese
7951,Pushto,English
7301,English,English
14992,Indonesian,Indonesian
5530,English,English
21269,French,French
5733,Persian,Persian
9453,Portugese,Portugese
14644,English,English
13466,Turkish,Turkish
10985,Turkish,Turkish
5522,Russian,Russian
8382,Estonian,Estonian
18823,Swedish,Swedish
1447,Pushto,Pushto
10535,Latin,Latin
5195,Dutch,Dutch
8320,Japanese,Chinese
1668,Persian,Persian
17687,Russian,Russian
7521,Tamil,Tamil
12648,Dutch,Dutch
19484,Pushto,Pushto
13660,Spanish,Spanish
10296,Swedish,Swedish
290,Arabic,Arabic
11681,Portugese,Portugese
2945,Turkish,Turkish
7781,Pushto,Pushto
20335,French,French
6955,Japanese,Chinese
20108,Arabic,Arabic
19150,Estonian,Estonian
18709,Hindi,Hindi
13169,Korean,Korean
9130,Romanian,Romanian
20835,Estonian,Estonian
8462,Portugese,Portugese
19841,Chinese,Chinese
13123,Arabic,Arabic
9498,Thai,Thai
2362,Turkish,Turkish
13802,Korean,Korean
2767,Arabic,Arabic
5161,Japanese,Chinese
3942,Swedish,Swedish
7971,Estonian,Estonian
14777,French,French
21647,Persian,Chinese
13819,Arabic,Arabic
6721,Latin,Latin
10100,Latin,Latin
17218,Persian,Persian
1540,Thai,Thai
6211,Romanian,Romanian
10510,Indonesian,Indonesian
14805,Japanese,Chinese
17229,Indonesian,Indonesian
11485,Pushto,Pushto
7589,Russian,Russian
3237,Portugese,Portugese
11776,Japanese,Chinese
8073,Korean,Chinese
2205,English,English
4582,Romanian,Latin
19179,English,English
11315,Swedish,Swedish
15002,Romanian,Romanian
7037,Urdu,Urdu
20892,Latin,English
8067,English,English
10822,Pushto,Pushto
8181,Pushto,Pushto
6577,Chinese,Chinese
6403,Russian,Russian
1970,Persian,Persian
5088,Urdu,Urdu
21542,English,English
14468,Swedish,Swedish
16847,Turkish,Turkish
3403,Swedish,Swedish
19304,Latin,Latin
434,French,French
13681,Thai,Thai
8793,Chinese,Chinese
7587,Turkish,Turkish
8020,Tamil,Tamil
21521,Latin,Latin
16968,Portugese,Portugese
9114,Japanese,Chinese
7143,Thai,Thai
13488,English,English
16498,Turkish,Turkish
19667,Urdu,Urdu
8237,Dutch,Dutch
1753,Russian,Russian
9613,Estonian,Estonian
1276,French,French
18156,Spanish,Spanish
4637,Arabic,Arabic
13415,Hindi,Hindi
11236,Indonesian,Indonesian
10238,Romanian,Romanian
2574,Japanese,Japanese
4195,Urdu,Urdu
11646,Turkish,Turkish
18889,Romanian,Romanian
16602,Urdu,Urdu
4090,Swedish,Swedish
19229,Korean,Korean
11835,Pushto,Pushto
7165,Dutch,Dutch
20142,Turkish,Turkish
2845,Korean,Korean
21245,Chinese,Chinese
11969,Romanian,Romanian
7448,Indonesian,Indonesian
6296,Romanian,Romanian
7877,Hindi,Hindi
17974,Portugese,Portugese
20734,Thai,Thai
5775,Estonian,Estonian
12437,Dutch,Dutch
6039,Latin,Latin
4903,French,French
3471,Thai,Thai
2584,Hindi,Hindi
11573,Dutch,Dutch
5889,Dutch,Dutch
19697,Latin,Latin
16916,French,French
10122,Arabic,Arabic
18225,Dutch,Dutch
9023,Spanish,Spanish
11220,Korean,Korean
9465,Latin,Latin
13137,Persian,Persian
13978,Chinese,Chinese
4718,Swedish,Swedish
5995,Indonesian,Indonesian
6240,Swedish,Chinese
10548,Urdu,Urdu
18782,Chinese,Chinese
5378,Swedish,Swedish
12866,Korean,Korean
21098,Swedish,Swedish
6925,Spanish,Spanish
9373,Persian,Persian
16315,Spanish,Spanish
4993,English,English
5067,Urdu,Urdu
17575,Japanese,Chinese
14114,French,French
17995,Korean,Korean
11548,Arabic,Arabic
6353,Portugese,Portugese
326,Indonesian,Indonesian
14260,Korean,Korean
3937,Swedish,Swedish
14690,Portugese,Portugese
17922,Portugese,Portugese
7946,Romanian,Romanian
13729,French,French
3408,Chinese,Chinese
9098,Swedish,Swedish
14236,Persian,Persian
10893,Spanish,Spanish
17360,Latin,Latin
6785,Pushto,Pushto
17498,Romanian,Romanian
15631,French,French
21334,Estonian,Estonian
5865,Spanish,Spanish
18354,Persian,Persian
11849,Korean,Korean
15362,Portugese,Portugese
2796,Arabic,Arabic
12632,Korean,Korean
16636,Dutch,Dutch
7131,English,English
17136,Estonian,Estonian
4120,Spanish,Spanish
17490,Urdu,Urdu
2327,Dutch,Dutch
2525,Korean,Korean
351,Urdu,Urdu
21821,Arabic,Arabic
6310,Indonesian,Indonesian
11122,Pushto,Pushto
10206,Swedish,Swedish
9487,Russian,Russian
778,Spanish,Spanish
11625,Arabic,Arabic
11887,Hindi,Hindi
10433,Urdu,Urdu
4075,English,English
2874,Portugese,Portugese
10094,Dutch,Dutch
19729,Persian,Persian
5475,Portugese,Portugese
1532,Spanish,Spanish
1170,Korean,Korean
20484,Tamil,Tamil
7230,Portugese,Portugese
16784,Indonesian,Indonesian
4955,Spanish,Spanish
7947,French,French
13951,Romanian,Romanian
19065,Portugese,Portugese
119,Arabic,Arabic
12320,Estonian,Estonian
21942,Romanian,Romanian
13438,Urdu,Urdu
1648,Tamil,Tamil
21197,Spanish,Spanish
3488,Turkish,Turkish
2277,Thai,Thai
5373,Portugese,Portugese
9396,Urdu,Urdu
17743,Swedish,Swedish
13762,Estonian,Estonian
15339,Turkish,Turkish
5404,Estonian,Estonian
7437,Turkish,Turkish
722,Latin,Latin
54,Arabic,Arabic
5939,Indonesian,Indonesian
3261,Spanish,Spanish
3349,French,French
13522,Dutch,Dutch
15559,Latin,Latin
13619,English,English
4721,Spanish,Japanese
6948,Urdu,Urdu
3845,Portugese,Portugese
676,French,French
15147,Indonesian,Indonesian
479,Pushto,Pushto
3453,Turkish,Turkish
21158,Urdu,Urdu
16499,Tamil,Tamil
5160,Estonian,Estonian
20823,Thai,Thai
517,Latin,Latin
19653,Turkish,Turkish
17361,Turkish,Turkish
8282,Indonesian,Indonesian
9592,Swedish,Swedish
18506,Tamil,Tamil
13242,Japanese,Chinese
13059,Hindi,Hindi
16995,French,French
7233,Indonesian,Indonesian
4100,English,English
10661,Hindi,Hindi
6256,Korean,Korean
12033,French,French
16674,English,English
9240,Indonesian,Indonesian
12528,Thai,Thai
8550,French,French
5375,Turkish,Turkish
995,Hindi,Hindi
5427,Thai,Thai
5156,Indonesian,Indonesian
9046,Tamil,Tamil
15751,French,French
8267,Chinese,Chinese
12303,Pushto,Pushto
7310,Spanish,Spanish
20954,Thai,Thai
13936,Thai,Thai
14940,French,French
7627,Korean,Korean
194,Persian,Persian
2766,Arabic,Arabic
5326,Turkish,Turkish
20638,Spanish,Spanish
10878,Persian,Persian
4183,Turkish,Turkish
10171,Spanish,Chinese
9699,Pushto,Pushto
6903,Dutch,Dutch
15847,Spanish,Spanish
13890,Latin,Latin
18799,Spanish,Spanish
19955,Estonian,Estonian
8457,Korean,Korean
8098,Estonian,Estonian
20276,Urdu,Urdu
6861,Japanese,Chinese
2866,Pushto,Pushto
8811,Spanish,Estonian
20222,French,French
8093,English,English
9031,Japanese,Chinese
311,Chinese,Chinese
3510,Romanian,Romanian
13140,Indonesian,Indonesian
14004,French,French
4893,Estonian,Estonian
15815,Russian,Russian
4628,Korean,Korean
10055,Spanish,Spanish
13403,Korean,Korean
4648,Arabic,Arabic
1375,Romanian,Romanian
3587,Indonesian,Indonesian
6300,Portugese,Portugese
13549,Korean,Korean
15090,Arabic,Arabic
4117,Latin,Latin
10489,Persian,Persian
18047,Swedish,Swedish
18405,Tamil,Tamil
20280,Turkish,Turkish
7486,Russian,Russian
14673,Russian,Russian
16662,Indonesian,Indonesian
7539,Chinese,Chinese
14922,Romanian,Romanian
21795,Dutch,Dutch
16062,Chinese,Chinese
12248,Hindi,Hindi
11895,Urdu,Urdu
14075,French,French
5526,Romanian,Romanian
4350,Hindi,Hindi
13425,Spanish,Spanish
12808,Arabic,Arabic
2593,Russian,Russian
13379,Persian,Persian
13484,Estonian,Estonian
11598,Estonian,Chinese
16977,English,English
13666,Swedish,Swedish
11132,Romanian,Romanian
828,Romanian,Romanian
962,Persian,Persian
15145,Japanese,Chinese
20836,Urdu,Urdu
16629,Hindi,Hindi
2660,Indonesian,Indonesian
10848,Dutch,Dutch
19151,Tamil,Tamil
6682,Hindi,Hindi
15956,Hindi,Hindi
14314,Swedish,Swedish
19693,Korean,Korean
200,Turkish,Turkish
11001,Arabic,Arabic
5440,Tamil,Tamil
16851,Korean,Korean
13398,Indonesian,Indonesian
8754,Portugese,Portugese
5808,Romanian,Romanian
9205,French,French
3633,Thai,Thai
7545,Urdu,Urdu
3548,Portugese,Portugese
20453,Russian,Russian
15378,Swedish,Swedish
8704,Urdu,Urdu
14688,Turkish,Turkish
1877,Urdu,Urdu
17984,Pushto,Pushto
21621,Korean,Korean
8722,Turkish,Turkish
19989,Estonian,Estonian
5065,English,English
3860,Romanian,Romanian
1646,French,French
13413,Portugese,Portugese
10780,French,French
2282,Persian,Persian
900,Urdu,Urdu
2636,Arabic,Arabic
13687,French,French
16846,Japanese,Chinese
10198,Korean,Japanese
13030,Korean,Korean
11556,Russian,Russian
10521,Latin,Latin
12726,Chinese,Chinese
17808,Spanish,Spanish
10246,Indonesian,Indonesian
21471,Pushto,Pushto
18487,French,French
2149,French,French
21069,Persian,Persian
10439,Arabic,Arabic
4715,Arabic,Arabic
19364,Dutch,Dutch
19813,Portugese,Portugese
13179,Thai,Thai
4064,Japanese,Japanese
3365,Swedish,Chinese
21604,Persian,Persian
19600,Korean,Korean
4566,Urdu,Urdu
8918,Romanian,Romanian
3822,Spanish,Spanish
5554,Urdu,Spanish
4599,French,French
21975,Spanish,Spanish
17707,Persian,Persian
8341,Korean,Korean
218,Portugese,Portugese
5443,Korean,Korean
18325,Pushto,Pushto
5091,Turkish,Turkish
5895,Tamil,English
17405,Estonian,Spanish
17194,Japanese,Japanese
9682,Swedish,Swedish
5549,Spanish,Spanish
6563,Portugese,Portugese
5640,Russian,Russian
830,Portugese,Portugese
11252,Romanian,Romanian
13024,Arabic,Arabic
15134,Turkish,Turkish
17779,Persian,Persian
8618,Romanian,Romanian
15221,Latin,Latin
8434,Spanish,Latin
21744,French,French
14501,Turkish,Turkish
8064,Korean,Korean
10443,Romanian,Romanian
6585,Indonesian,Indonesian
20347,Japanese,Chinese
1605,Latin,Latin
13304,Korean,Korean
6703,Swedish,Swedish
21392,Japanese,Chinese
17373,Russian,Russian
4308,Korean,Korean
6942,Dutch,Dutch
4528,Tamil,Tamil
11946,Pushto,Pushto
3449,Latin,Latin
2827,Japanese,Japanese
11192,Urdu,Urdu
4073,Russian,Russian
8936,Pushto,Pushto
9674,Turkish,Turkish
7245,Portugese,Portugese
5850,Swedish,Swedish
16741,Romanian,Romanian
17646,Korean,Korean
9977,Arabic,Arabic
20662,Romanian,Romanian
5399,Indonesian,Indonesian
5172,Romanian,Romanian
12190,Swedish,Swedish
11162,Dutch,Dutch
6988,Latin,Latin
698,French,French
15227,Romanian,Romanian
521,Estonian,Estonian
12974,Spanish,Spanish
17744,Dutch,Dutch
10021,Hindi,Hindi
17105,Russian,Russian
9536,Arabic,Arabic
1397,Thai,Thai
17862,Spanish,Spanish
964,Arabic,Arabic
15538,French,French
4567,Tamil,Tamil
21643,Turkish,Turkish
5248,Indonesian,Indonesian
16233,Turkish,Turkish
7823,Tamil,Tamil
16338,Urdu,Urdu
327,Persian,Persian
8534,Persian,Persian
666,Portugese,Portugese
9117,Chinese,Chinese
14684,Urdu,Urdu
17556,Latin,Latin
11449,Romanian,Romanian
10283,Russian,Russian
10349,Swedish,Swedish
5778,Korean,Korean
11825,Turkish,Turkish
8406,Korean,Korean
2261,Latin,Latin
21285,Latin,Latin
12712,Estonian,Estonian
6522,Portugese,Portugese
18605,Tamil,Tamil
21483,Persian,Persian
18314,Tamil,Tamil
20274,Spanish,Spanish
3592,Swedish,Swedish
2344,English,English
21736,Urdu,Urdu
2729,Russian,Russian
9738,Thai,Thai
21255,Spanish,Spanish
9459,Spanish,Spanish
4503,Urdu,Urdu
13392,Romanian,Romanian
10089,Indonesian,Indonesian
4362,Korean,Korean
14735,Dutch,Dutch
2913,Japanese,Japanese
4155,Romanian,Romanian
6085,Spanish,Spanish
16449,English,English
7776,Estonian,Estonian
18244,French,French
12311,Arabic,Arabic
101,Russian,Russian
10996,Korean,Korean
18067,Thai,Thai
1539,Dutch,Dutch
20145,Dutch,Dutch
19325,Latin,Latin
20726,English,English
11697,Tamil,Tamil
11858,Swedish,Swedish
8508,Romanian,Romanian
10881,Swedish,Swedish
11107,Turkish,Turkish
10518,Chinese,Chinese
21674,Swedish,Swedish
4269,Pushto,Pushto
21260,Arabic,Arabic
3654,Portugese,Portugese
2335,Estonian,Estonian
6744,Persian,Persian
2514,Japanese,Chinese
21154,Turkish,Turkish
4992,Tamil,Tamil
7887,Urdu,Urdu
2406,Swedish,Swedish
2559,Korean,Korean
15492,Arabic,Arabic
17885,Korean,Korean
4707,Arabic,Arabic
411,Turkish,Turkish
15859,Swedish,Swedish
7617,Tamil,Tamil
19608,Spanish,Spanish
8126,Dutch,Dutch
8770,Tamil,Tamil
6696,Arabic,Arabic
4170,Urdu,Urdu
7559,Japanese,Chinese
19164,Persian,Persian
18152,Indonesian,Indonesian
16861,Chinese,Chinese
21597,Spanish,Spanish
15702,Romanian,Romanian
6249,Thai,Thai
3441,Portugese,Portugese
5215,Indonesian,Indonesian
7960,Latin,Latin
9693,Dutch,Dutch
18745,Estonian,Estonian
6419,English,English
4458,Turkish,Turkish
1735,Pushto,Pushto
12865,Romanian,Romanian
313,Swedish,Swedish
4758,Thai,Thai
5041,Estonian,Estonian
8372,Thai,Thai
12058,English,English
13840,Russian,Russian
2178,Thai,Thai
1795,Spanish,Spanish
6094,Indonesian,Indonesian
251,Swedish,Swedish
20572,Persian,Persian
6318,Korean,Korean
18728,Dutch,Dutch
10189,Arabic,Arabic
10861,Chinese,Chinese
18266,Spanish,Spanish
3938,Swedish,Swedish
20390,Tamil,Tamil
17056,Arabic,Arabic
2399,Thai,Thai
12893,Tamil,Tamil
5203,Spanish,Spanish
18215,Portugese,Portugese
5235,English,English
14120,Swedish,Swedish
3508,Tamil,Tamil
13716,Korean,Korean
11734,Urdu,Urdu
740,Japanese,Japanese
11588,English,English
19761,Portugese,Portugese
20218,Thai,Thai
3317,Pushto,Pushto
15208,Romanian,Romanian
6951,Persian,Persian
10631,Turkish,Turkish
12345,Arabic,Arabic
9143,Indonesian,Indonesian
2609,Tamil,Tamil
11654,Indonesian,Indonesian
8748,Thai,Thai
3278,Thai,Thai
17324,Latin,Latin
11475,French,French
8416,Estonian,Estonian
13483,Russian,Russian
20118,Dutch,Dutch
2136,Japanese,Chinese
13620,Swedish,Swedish
1008,Urdu,Urdu
19881,Indonesian,Indonesian
12679,Estonian,Estonian
5169,Romanian,Romanian
12361,Russian,Russian
10823,Romanian,Romanian
8615,Dutch,Dutch
2232,Hindi,Hindi
7733,Japanese,Chinese
18121,Japanese,Chinese
5325,Dutch,Dutch
13788,Estonian,Estonian
17283,Dutch,Dutch
19267,Pushto,Pushto
14610,Estonian,Estonian
15128,Turkish,Turkish
9758,Urdu,Urdu
6693,Dutch,Dutch
127,English,English
1359,English,English
5238,Portugese,Portugese
8730,Latin,Latin
12220,Romanian,Romanian
6433,Tamil,Tamil
6334,Persian,Persian
4686,Portugese,Portugese
18110,Dutch,Dutch
11115,Spanish,Spanish
11566,Romanian,Romanian
2811,Thai,Thai
21972,Estonian,Estonian
13096,Pushto,Pushto
14174,Hindi,Hindi
8265,English,English
59,Portugese,Portugese
21248,Korean,Korean
12393,Pushto,Pushto
18804,Russian,Russian
2249,Indonesian,Indonesian
10582,Spanish,Spanish
1167,Hindi,Hindi
4307,Thai,Thai
14121,Portugese,Portugese
17128,Chinese,Chinese
18439,Thai,Thai
10539,Hindi,Hindi
18273,Indonesian,Indonesian
3343,Romanian,Romanian
18907,Hindi,Hindi
3283,Spanish,Spanish
7473,Thai,Thai
14514,Pushto,Pushto
6897,Spanish,Spanish
20763,Persian,Persian
17606,Urdu,Urdu
2320,Arabic,Arabic
19659,Turkish,Turkish
21533,Spanish,Spanish
12819,Dutch,Dutch
18251,Turkish,Turkish
18035,French,French
2163,Urdu,Urdu
13293,Korean,Korean
4467,Turkish,Turkish
10073,Pushto,Pushto
8617,Latin,Latin
20248,Russian,Russian
6332,Dutch,Dutch
645,Tamil,Tamil
12469,Turkish,Turkish
18264,Turkish,Turkish
11986,Turkish,Turkish
13583,Arabic,Arabic
14130,Chinese,Chinese
5434,Persian,Persian
3003,Hindi,Hindi
15407,Chinese,Chinese
16459,Swedish,Swedish
12569,Tamil,Tamil
3029,Persian,Persian
20632,Indonesian,Indonesian
5303,English,English
19154,Arabic,Arabic
18085,Russian,Russian
10298,Portugese,Portugese
4026,Hindi,Hindi
18500,Thai,Thai
9768,Arabic,Arabic
17549,Russian,Russian
8943,Turkish,Turkish
16334,Swedish,Swedish
4506,Persian,Persian
1612,English,English
2511,Japanese,Chinese
4282,Romanian,Romanian
6242,Latin,Latin
9856,Indonesian,Indonesian
15309,Pushto,Pushto
3271,Chinese,Chinese
20512,Swedish,Swedish
15978,Japanese,Chinese
18713,Latin,Latin
20634,Latin,Latin
5137,Japanese,Chinese
460,Korean,Korean
3651,Russian,Russian
12767,Russian,Russian
12501,Arabic,Arabic
3498,Latin,Latin
18489,Thai,Thai
3535,Hindi,Hindi
1527,Urdu,English
17722,English,English
6269,Thai,Thai
19334,Russian,Russian
18548,Urdu,Urdu
14629,Estonian,Estonian
9280,Dutch,Dutch
7623,Swedish,Swedish
18470,Dutch,Dutch
14100,Romanian,Romanian
7534,Tamil,Tamil
8133,Dutch,Dutch
14998,Persian,Persian
20808,Indonesian,Indonesian
7817,Pushto,Pushto
11288,Chinese,Chinese
8390,Chinese,Chinese
16257,Persian,Persian
17596,Spanish,Spanish
13691,Turkish,Turkish
19141,Hindi,Hindi
4418,Persian,Persian
11208,Turkish,Turkish
8138,Hindi,Hindi
13445,Persian,Persian
5186,Hindi,Hindi
3969,English,English
180,Portugese,Portugese
20422,Indonesian,Indonesian
19901,Romanian,Romanian
8657,Spanish,Spanish
9463,Urdu,Urdu
7077,Japanese,Chinese
1350,Persian,Persian
19513,Spanish,Spanish
3199,Estonian,Estonian
9086,English,English
17390,Tamil,Tamil
5416,Portugese,Portugese
13397,Thai,Thai
7140,Dutch,Dutch
17340,Russian,Russian
8877,Portugese,Portugese
17598,Thai,Thai
18833,Swedish,Swedish
14436,Latin,Latin
657,Tamil,Tamil
3678,Pushto,Pushto
18427,French,French
11116,Arabic,Arabic
409,Chinese,Chinese
19322,English,English
16502,Latin,Latin
6234,Dutch,Dutch
3366,Japanese,Swedish
20460,French,French
7582,Thai,Thai
11750,Urdu,Urdu
15663,Persian,Persian
21758,Chinese,Japanese
14008,English,English
16722,Urdu,Urdu
13290,English,English
21680,Estonian,Estonian
16836,Arabic,Arabic
9608,Chinese,Chinese
9198,Chinese,Chinese
2755,Estonian,Estonian
2653,Romanian,Romanian
16323,Arabic,Arabic
4559,English,English
7882,English,English
21060,Turkish,Turkish
10725,Spanish,Spanish
10454,Urdu,Urdu
4985,Chinese,Chinese
21459,Pushto,Pushto
3115,Russian,Russian
11839,Thai,Thai
4591,Persian,Persian
14039,Spanish,Spanish
7921,Turkish,Turkish
17488,Japanese,Chinese
6679,Turkish,Turkish
16524,Indonesian,Indonesian
4649,Thai,Thai
17417,Japanese,Japanese
9904,Chinese,Chinese
5369,Spanish,Spanish
14905,Korean,Korean
7963,Swedish,Swedish
3228,Tamil,Tamil
15288,Indonesian,Indonesian
7620,Dutch,Dutch
13054,Chinese,Chinese
16013,Romanian,Romanian
697,Estonian,Estonian
13405,Chinese,Chinese
16076,Hindi,Hindi
6532,Latin,Latin
1023,Romanian,Romanian
7318,Spanish,Spanish
2632,Latin,Latin
7393,Romanian,Romanian
12354,Thai,Thai
5972,Hindi,Hindi
13950,Romanian,Romanian
10784,Korean,Korean
2279,Spanish,Spanish
18494,Chinese,Chinese
6468,Spanish,Spanish
21409,Japanese,Chinese
15186,Pushto,Pushto
5010,Chinese,Chinese
11788,Dutch,Dutch
17284,Romanian,French
12483,Russian,Russian
11345,Tamil,Tamil
15024,Latin,Latin
9175,Tamil,Tamil
14484,Hindi,English
16173,Romanian,Romanian
15146,Estonian,Estonian
1088,Russian,Russian
18831,Pushto,Pushto
5711,English,English
8809,Chinese,Chinese
7004,Russian,Russian
1630,Estonian,Estonian
15260,Arabic,Arabic
9714,Latin,Latin
9622,Romanian,Romanian
17434,Pushto,Pushto
792,Urdu,Urdu
12969,Arabic,Arabic
500,Spanish,Spanish
9474,English,English
12640,Indonesian,Indonesian
19402,Persian,Persian
21768,Korean,Korean
2083,Turkish,Turkish
2145,Tamil,Tamil
9247,Indonesian,Indonesian
19363,Arabic,Arabic
6980,French,French
16643,English,English
3625,Romanian,Romanian
13505,Latin,Latin
2438,Romanian,Romanian
8485,Urdu,Urdu
4031,Thai,Thai
14790,Spanish,Spanish
20654,Chinese,Chinese
11478,Urdu,Urdu
21910,Japanese,Japanese
4216,Dutch,Dutch
6030,Dutch,Dutch
2011,Persian,Persian
19003,Pushto,Pushto
2547,Swedish,Swedish
16034,Turkish,Turkish
3356,Chinese,Chinese
11342,Thai,Thai
3007,Portugese,Portugese
17506,Indonesian,Indonesian
4664,Indonesian,Indonesian
14572,Swedish,Swedish
16275,Turkish,Turkish
8238,Latin,Latin
5738,English,English
1709,Persian,Arabic
4790,Chinese,Chinese
12145,Chinese,Chinese
5070,Spanish,Spanish
7476,Turkish,Turkish
21462,Korean,Korean
13661,Spanish,English
8118,English,English
1206,Russian,Russian
9341,Russian,Russian
31,Romanian,Romanian
699,Latin,Latin
14443,Estonian,Estonian
11379,Estonian,Estonian
633,Russian,Russian
21711,Swedish,Swedish
10245,Turkish,Chinese
5307,Portugese,Portugese
16284,Hindi,Hindi
11880,Tamil,Tamil
5429,Pushto,Pushto
637,Indonesian,Indonesian
6841,Dutch,Dutch
11066,Romanian,Romanian
5689,Russian,Russian
6554,Estonian,Estonian
13688,Romanian,Romanian
21329,Russian,Russian
6016,French,French
5766,Hindi,Hindi
7223,Estonian,Estonian
2659,Indonesian,Indonesian
12070,Tamil,Tamil
18287,Pushto,Pushto
17497,Dutch,Dutch
2470,Japanese,Japanese
20462,Swedish,Swedish
21205,Latin,Latin
10461,Portugese,Portugese
6501,Dutch,Dutch
12464,Latin,Latin
5460,Estonian,Estonian
17480,French,French
11702,Turkish,Turkish
12051,French,French
14553,Persian,Persian
12694,Hindi,Hindi
19779,Indonesian,Indonesian
7937,Turkish,Turkish
17121,Swedish,Swedish
19502,Swedish,Swedish
20372,Tamil,Tamil
12050,Urdu,Urdu
12879,Chinese,Chinese
2961,French,French
6203,French,French
7570,Swedish,Swedish
18290,Latin,Latin
16166,English,English
21372,Korean,Korean
115,Spanish,Spanish
930,Estonian,Estonian
18646,English,English
14383,Swedish,Swedish
4593,Japanese,Chinese
11667,Romanian,Romanian
19247,Persian,Persian
21968,Turkish,Turkish
11448,Chinese,Chinese
17613,Korean,Korean
21938,Romanian,Romanian
14829,Turkish,Turkish
10346,Latin,Latin
3903,Swedish,Swedish
18696,Korean,Korean
20169,Turkish,Turkish
7340,French,French
8658,Swedish,Swedish
1698,English,English
21137,Swedish,Swedish
7530,French,French
11072,Japanese,Chinese
11290,Romanian,Romanian
6511,Tamil,Tamil
15583,Dutch,Dutch
10570,Japanese,Chinese
1559,Pushto,Pushto
6621,Urdu,Urdu
19075,Dutch,Dutch
10440,Spanish,Spanish
19920,Pushto,Pushto
18536,English,English
15045,Hindi,Hindi
7336,Thai,Thai
8512,English,English
21309,Urdu,Urdu
12553,Persian,Persian
5266,Persian,Persian
1341,French,French
1610,Spanish,Spanish
2120,Urdu,Urdu
6371,Latin,Latin
5507,Chinese,Chinese
19056,Hindi,Hindi
8997,Portugese,Portugese
21644,Tamil,Tamil
1437,Indonesian,Indonesian
2224,Swedish,Swedish
19341,Latin,Latin
7843,Turkish,Latin
20791,Portugese,Portugese
5505,Pushto,Pushto
18142,Thai,Thai
4619,Persian,Persian
9260,Arabic,Arabic
6981,Swedish,Swedish
15717,Chinese,Chinese
3477,Russian,Russian
20328,Arabic,Arabic
17666,English,English
8227,Urdu,Urdu
3755,French,French
4575,Spanish,Spanish
16311,Russian,Russian
18179,English,Chinese
7907,Latin,English
3325,Estonian,Estonian
3859,Tamil,Tamil
21593,Hindi,Hindi
15274,English,English
3723,Urdu,Urdu
20756,French,French
17964,Thai,Thai
13579,Indonesian,Indonesian
9688,Portugese,Portugese
19757,Indonesian,Indonesian
1151,English,English
3038,Persian,Persian
14677,Japanese,Chinese
21039,Indonesian,Indonesian
20367,Turkish,Turkish
7770,Russian,Russian
2034,Urdu,Urdu
19541,Estonian,Estonian
7858,Spanish,Spanish
9612,Japanese,Chinese
21681,Chinese,Latin
12599,Urdu,Urdu
15201,Arabic,Arabic
18641,Pushto,Pushto
239,Tamil,Tamil
16426,Estonian,Estonian
7080,Urdu,Urdu
8218,Latin,Latin
15865,French,French
3126,Indonesian,Indonesian
9866,Estonian,Estonian
12594,Pushto,Pushto
4275,Romanian,Romanian
7624,Japanese,Chinese
12877,Urdu,Urdu
717,Japanese,Chinese
3917,Hindi,Hindi
13265,Tamil,Tamil
4786,Tamil,Tamil
4725,Hindi,Hindi
13104,Persian,Persian
7395,Dutch,Dutch
6453,Indonesian,Indonesian
1354,English,English
16728,Pushto,Pushto
18739,Swedish,Swedish
17085,Russian,Russian
8393,Spanish,Spanish
9270,Tamil,English
15962,Pushto,Pushto
11958,Urdu,Urdu
15595,Pushto,Pushto
14605,Portugese,Portugese
9259,English,English
12821,Estonian,Estonian
13613,Korean,Korean
17715,Romanian,Romanian
3749,Indonesian,Indonesian
11177,Dutch,Dutch
14529,English,English
12179,Tamil,Tamil
4053,English,English
17810,Urdu,Urdu
3042,Chinese,Chinese
12422,Korean,Korean
18776,Hindi,Hindi
2289,Portugese,Portugese
11567,Hindi,Hindi
8125,Urdu,Urdu
10485,Estonian,Estonian
1736,Portugese,Portugese
9953,Turkish,Turkish
10663,Estonian,Estonian
12341,Korean,Korean
19937,Urdu,Urdu
18669,Hindi,Hindi
9306,Urdu,Urdu
14834,Hindi,Hindi
17900,Persian,Persian
8008,Latin,Latin
18852,Swedish,Swedish
6932,Turkish,Turkish
7975,Romanian,Romanian
20646,Urdu,Urdu
2418,Hindi,Hindi
19368,Russian,Russian
5478,Indonesian,Indonesian
13531,Persian,Persian
16506,Indonesian,Indonesian
14493,Korean,Korean
18449,Dutch,Dutch
16994,Japanese,Chinese
2698,Japanese,Chinese
8945,Japanese,Chinese
12026,Swedish,Swedish
11722,Indonesian,Indonesian
10923,Pushto,Pushto
1535,French,French
3863,Dutch,Dutch
14474,English,English
19730,Portugese,Portugese
4122,Tamil,Tamil
18242,Estonian,Estonian
18161,Estonian,Estonian
12971,Russian,Russian
21675,Korean,Korean
10276,Thai,Thai
10105,Portugese,Portugese
10637,Korean,Korean
15471,Romanian,Romanian
15070,Tamil,Tamil
8922,Thai,Thai
12000,Dutch,Dutch
15217,Estonian,Estonian
11029,Russian,Russian
11317,Indonesian,Indonesian
1718,Russian,Russian
5620,Chinese,Chinese
20749,Tamil,Tamil
21118,Turkish,Chinese
10613,Persian,Persian
11826,Latin,Latin
7611,Dutch,Chinese
18520,English,English
11706,Pushto,Pushto
17799,Thai,Thai
17539,Portugese,Portugese
5633,Dutch,Dutch
14148,Chinese,Chinese
21881,Turkish,Turkish
5934,Arabic,Arabic
2016,Pushto,Pushto
19642,Arabic,Arabic
12552,Hindi,Hindi
18043,Indonesian,Indonesian
16901,Thai,Thai
13337,Romanian,Romanian
3702,Spanish,Spanish
17250,Portugese,Portugese
13847,Swedish,Swedish
18330,Chinese,Chinese
15093,Turkish,Turkish
8437,Urdu,Urdu
6027,Romanian,Romanian
8697,Swedish,Swedish
13532,Indonesian,Indonesian
10500,Pushto,Pushto
21642,Persian,Persian
7311,Persian,Persian
15058,Dutch,Dutch
3486,Dutch,Dutch
6770,Spanish,Spanish
16404,Dutch,Dutch
13348,Spanish,Spanish
10177,Spanish,Spanish
14977,Thai,Thai
5917,Urdu,Urdu
6677,Indonesian,Indonesian
6481,Latin,Latin
4023,Latin,French
16085,Russian,Russian
12481,English,English
9461,Indonesian,Indonesian
6189,Swedish,Swedish
12131,French,French
5228,French,French
5327,Russian,Russian
16120,Estonian,Estonian
18138,Thai,Thai
21083,Chinese,Chinese
12982,Latin,Latin
6837,Persian,Persian
10767,Spanish,Spanish
14227,Spanish,Spanish
1065,Indonesian,Indonesian
10420,Persian,Persian
11407,Pushto,Pushto
5961,Swedish,Swedish
19443,Korean,Korean
10181,Pushto,Pushto
14888,Latin,French
17237,Hindi,Hindi
16931,Swedish,Swedish
17797,Thai,Thai
20320,Tamil,Tamil
4672,Korean,Korean
8861,Portugese,Portugese
9015,Japanese,Chinese
88,Latin,Latin
18618,Romanian,Romanian
3479,Chinese,Chinese
16864,Latin,Latin
12006,Thai,Thai
12254,Dutch,Dutch
5024,Tamil,Tamil
5042,Romanian,Romanian
5366,English,English
18538,Tamil,Tamil
17865,Dutch,Dutch
9914,Hindi,Hindi
12308,Thai,Thai
10557,Estonian,Estonian
6026,Urdu,Urdu
18278,English,English
10660,Urdu,Urdu
17888,Latin,Latin
1209,Tamil,Tamil
15333,Turkish,Turkish
18650,Romanian,Romanian
19195,Persian,Persian
4113,Hindi,Hindi
19846,Spanish,Spanish
6273,Tamil,Tamil
10910,Romanian,Romanian
9178,Russian,Russian
1370,Tamil,Tamil
8719,Urdu,Urdu
10792,French,French
21946,Portugese,Portugese
2317,Pushto,Pushto
12271,Pushto,Pushto
8986,Japanese,Chinese
21773,Pushto,Pushto
12597,Urdu,Urdu
6692,Estonian,Estonian
367,Chinese,Chinese
16583,Indonesian,Indonesian
4690,Swedish,Swedish
20506,Russian,Russian
16011,Urdu,Urdu
2572,Spanish,Spanish
13871,Russian,Russian
20852,Dutch,Dutch
14477,Indonesian,Indonesian
11382,Urdu,Urdu
19699,Portugese,Portugese
4427,French,French
19082,Persian,Persian
16261,Indonesian,Indonesian
14139,Latin,Latin
17906,Indonesian,Indonesian
577,Japanese,Japanese
6627,Swedish,Swedish
5038,Persian,Persian
19705,Estonian,Estonian
16729,Pushto,Pushto
20182,Spanish,Spanish
21579,Indonesian,Indonesian
9456,Indonesian,Indonesian
20906,Romanian,Romanian
14877,Tamil,Tamil
13301,Persian,Persian
7461,Korean,Korean
2187,Thai,Thai
9237,Latin,Latin
20971,Arabic,Arabic
17637,English,English
12428,Pushto,Pushto
18358,Urdu,Urdu
4243,Pushto,Pushto
4410,Dutch,Dutch
16160,Indonesian,Indonesian
17248,Persian,Persian
2558,Pushto,Pushto
13419,Thai,Thai
21957,Persian,Persian
19624,English,English
467,Turkish,Turkish
5037,Hindi,Hindi
10145,Japanese,Japanese
819,Russian,Russian
14627,Turkish,Turkish
16024,Estonian,Estonian
6920,Tamil,Tamil
17755,Dutch,Dutch
21540,Arabic,Arabic
16561,Latin,Latin
9893,Turkish,Turkish
8818,Korean,Korean
15778,Latin,Latin
4364,Estonian,Estonian
13900,Latin,Latin
19578,Spanish,Spanish
8732,Latin,Latin
1638,Pushto,Pushto
21419,Urdu,Urdu
21765,Arabic,Arabic
880,Chinese,Japanese
14500,Latin,Latin
19698,English,English
15346,Swedish,Swedish
4564,Spanish,Spanish
8555,Indonesian,Indonesian
13960,Romanian,Romanian
6020,Portugese,Portugese
3608,Hindi,Hindi
72,Tamil,Tamil
1406,Korean,Korean
12370,Dutch,Dutch
3377,Indonesian,English
18766,Pushto,English
16480,Swedish,Swedish
4802,Hindi,Hindi
4498,Turkish,Turkish
19783,Tamil,Tamil
9729,Turkish,Turkish
21612,Thai,Thai
15327,Latin,Latin
6706,Japanese,Chinese
6966,Arabic,Arabic
8332,Urdu,Urdu
5557,Russian,Russian
17037,Tamil,Tamil
21962,Persian,Persian
8204,Chinese,Chinese
9773,Dutch,Dutch
13183,Dutch,Dutch
12307,Chinese,Chinese
6088,Tamil,Tamil
21669,Persian,Persian
3289,Korean,Korean
6100,French,French
20287,Chinese,Chinese
21385,Korean,Korean
9362,Latin,Latin
14792,Dutch,Dutch
10036,French,French
20730,Dutch,Dutch
14275,Estonian,Estonian
19827,Thai,Thai
15907,Tamil,Tamil
18253,Indonesian,Indonesian
18599,Pushto,Pushto
18003,Indonesian,Indonesian
2900,Romanian,Romanian
20814,English,English
4353,Indonesian,Indonesian
2740,Indonesian,Indonesian
14545,French,French
14348,Chinese,Chinese
19445,Spanish,Spanish
19752,Spanish,Spanish
17273,Estonian,Estonian
21835,French,French
14448,Arabic,Arabic
11075,Urdu,Urdu
4761,Urdu,English
6092,French,French
10046,Indonesian,Indonesian
12233,Turkish,Turkish
15908,Japanese,Chinese
5120,Latin,Latin
8672,Spanish,Spanish
3330,Urdu,Urdu
5867,Hindi,Hindi
19359,Indonesian,Indonesian
11675,Russian,Russian
4065,Turkish,Turkish
17609,Russian,Russian
2769,Chinese,Chinese
15466,Thai,Thai
16452,Estonian,Estonian
15935,Pushto,Pushto
7254,Urdu,Urdu
5958,Urdu,Urdu
17137,Chinese,Chinese
1286,Persian,Persian
11678,Swedish,Swedish
13013,Korean,Korean
11699,Arabic,Arabic
7060,Chinese,Chinese
15910,Portugese,Portugese
15251,Hindi,Hindi
1110,Arabic,Arabic
1162,Korean,Korean
11579,English,English
21756,Persian,Persian
14554,Japanese,Japanese
4459,Korean,Korean
11707,Korean,Korean
6197,Pushto,Pushto
18094,Tamil,Tamil
3575,English,English
10204,Korean,Korean
14346,Swedish,Swedish
3649,Swedish,Swedish
16387,Turkish,Turkish
15486,English,English
5008,French,French
12807,Chinese,Chinese
19365,Persian,Persian
3331,Spanish,Spanish
19545,French,French
12276,Romanian,Romanian
3143,Swedish,Swedish
965,Indonesian,Indonesian
1475,Russian,Russian
9796,Indonesian,Indonesian
8205,Urdu,Urdu
4698,Hindi,Hindi
4629,Turkish,Turkish
7280,Dutch,Dutch
13903,Hindi,Hindi
15676,Tamil,Tamil
12526,Romanian,Romanian
1737,Russian,Russian
7717,Chinese,Chinese
9102,Arabic,Arabic
16403,Urdu,Urdu
14080,Korean,Korean
4466,Dutch,Dutch
6022,Urdu,Urdu
2727,Pushto,Pushto
15400,Tamil,Tamil
16727,Indonesian,Indonesian
3990,Indonesian,Indonesian
15079,Korean,Korean
7493,Romanian,Romanian
14654,Russian,Russian
19425,Hindi,Hindi
13515,Turkish,Turkish
21193,Persian,Persian
21626,Spanish,Spanish
6331,Arabic,Arabic
16789,Chinese,Chinese
17009,Spanish,Spanish
11643,Russian,Russian
20480,Chinese,Romanian
13984,Tamil,Tamil
4187,Portugese,Portugese
1262,Hindi,Hindi
5811,Dutch,Dutch
7479,Estonian,English
11647,Latin,Latin
10279,Turkish,Turkish
18128,Persian,Persian
15791,Korean,Korean
273,Estonian,Estonian
20395,Spanish,Spanish
21126,Urdu,Urdu
12447,Hindi,Hindi
9785,Russian,Russian
9586,Spanish,Spanish
15396,Hindi,Hindi
18978,Spanish,Spanish
3659,Estonian,Estonian
14622,Swedish,Swedish
12687,Korean,Korean
13167,Urdu,Urdu
7754,French,French
4653,Russian,Russian
20581,Latin,Latin
11205,Spanish,Spanish
3995,Arabic,Arabic
17771,Pushto,Pushto
21762,Russian,English
21874,Romanian,Romanian
17328,Arabic,Arabic
20359,Urdu,Urdu
3060,Romanian,Romanian
12565,Pushto,Pushto
5524,Turkish,Turkish
13317,Russian,Russian
13101,Turkish,Turkish
6810,Thai,Thai
14322,Korean,Korean
21145,Japanese,Chinese
12933,Persian,Persian
7462,Arabic,Arabic
15047,French,French
19427,Japanese,Japanese
13561,Persian,Persian
19448,Latin,Latin
9554,Portugese,Portugese
5413,Chinese,Chinese
8407,Urdu,Urdu
14950,Spanish,Spanish
13914,Spanish,English
3837,Estonian,Estonian
19088,Hindi,Hindi
18688,Thai,Thai
3966,Tamil,Tamil
10804,Pushto,Pushto
9318,Dutch,Dutch
17795,Swedish,Swedish
6689,Estonian,Estonian
6350,Pushto,Pushto
2623,French,French
5977,Thai,Thai
2821,Chinese,Chinese
15035,Thai,Thai
5436,Dutch,Dutch
2248,Arabic,Arabic
19381,English,English
18393,Romanian,Romanian
10331,Japanese,Chinese
14907,Dutch,Dutch
20800,Chinese,Chinese
257,Pushto,Pushto
10385,Romanian,Romanian
15797,Estonian,Estonian
7696,Portugese,Portugese
17227,English,English
21501,Hindi,Hindi
7552,Thai,Thai
11919,Spanish,Spanish
18216,Urdu,Urdu
9328,Korean,Korean
14005,Arabic,Arabic
14589,Pushto,Pushto
915,Estonian,Estonian
6877,Indonesian,Indonesian
20541,Turkish,Turkish
5615,Portugese,Portugese
10600,Persian,Persian
1749,Latin,Latin
13375,Latin,Latin
13883,Japanese,Japanese
5606,Turkish,Turkish
7494,Pushto,English
14182,Spanish,Spanish
3586,Korean,Chinese
14420,Indonesian,Latin
10301,Swedish,Swedish
12313,Pushto,Pushto
2324,Dutch,Dutch
17602,Estonian,Estonian
4481,Tamil,Tamil
16393,French,French
15719,Turkish,Turkish
17500,Pushto,Pushto
8448,Dutch,Dutch
15549,Spanish,Spanish
15699,Pushto,Pushto
7768,Japanese,Japanese
20270,French,French
15710,Latin,Latin
10447,Pushto,Pushto
21576,Turkish,Turkish
6445,Romanian,Romanian
6167,Russian,Russian
7156,Chinese,Chinese
21091,Hindi,Hindi
15066,Chinese,Chinese
1650,Tamil,Tamil
11111,Romanian,Romanian
3445,Indonesian,Indonesian
13772,Hindi,Hindi
3710,French,French
103,Persian,Persian
13034,Chinese,Chinese
9478,Hindi,Hindi
13996,Spanish,Spanish
11867,Latin,Latin
9169,Estonian,Estonian
7738,Indonesian,Indonesian
17305,Arabic,Arabic
5949,Spanish,Spanish
5298,Arabic,Arabic
15657,Russian,Russian
17185,Tamil,Tamil
4166,Pushto,Pushto
18680,Hindi,Hindi
8527,Dutch,Dutch
16342,Latin,Latin
18201,Russian,Russian
13598,Romanian,Romanian
8057,Tamil,Tamil
2863,Estonian,Estonian
13218,English,English
6630,Pushto,Pushto
13679,Russian,Russian
5658,Arabic,Arabic
18438,Urdu,Urdu
6839,Russian,Russian
15883,Japanese,Japanese
20006,Thai,Thai
12986,Romanian,Romanian
16423,English,English
18930,Urdu,Urdu
15585,Turkish,Turkish
8097,Dutch,Dutch
11629,English,English
13986,Romanian,Romanian
57,French,French
21237,Urdu,Urdu
2958,English,English
17282,Indonesian,Indonesian
14266,English,English
17202,Chinese,Chinese
3527,Tamil,Tamil
10721,Persian,Persian
3521,Spanish,Spanish
3401,Estonian,Chinese
5994,Turkish,Turkish
19228,Swedish,Swedish
20207,Hindi,Hindi
10262,Persian,Persian
13454,Latin,Latin
12705,French,French
15426,Dutch,Dutch
13437,Thai,Thai
3180,Korean,Korean
2313,Persian,Persian
17620,Portugese,Portugese
3013,Russian,Russian
9642,Korean,Korean
19315,Estonian,Estonian
6914,Chinese,Chinese
5623,French,French
379,Persian,Persian
21293,Portugese,Portugese
15103,Hindi,Hindi
7957,Urdu,Urdu
19089,Japanese,Chinese
6260,Indonesian,Indonesian
19196,Swedish,Swedish
11230,Spanish,Spanish
21870,Latin,Latin
8772,Indonesian,Indonesian
929,Korean,Korean
18209,Latin,Latin
9093,Turkish,Turkish
8982,Indonesian,Indonesian
5857,Arabic,Arabic
21944,Korean,Korean
21318,Russian,Russian
10811,Portugese,Portugese
21142,Tamil,Tamil
399,Latin,Latin
6096,Romanian,Romanian
14996,Japanese,Japanese
16122,Swedish,Swedish
19746,Estonian,Estonian
21412,Turkish,Turkish
2516,Latin,Latin
11989,Turkish,Turkish
10590,Swedish,Swedish
14720,Russian,Russian
12674,Korean,Korean
4392,Japanese,Chinese
20077,Hindi,Hindi
5222,Persian,Persian
16402,Hindi,Hindi
3292,Arabic,Arabic
21559,English,English
18617,Hindi,Hindi
9431,Pushto,Pushto
13003,Dutch,Dutch
18610,Swedish,Swedish
21805,Romanian,Romanian
2510,Estonian,Estonian
6446,Thai,Thai
18757,Chinese,Chinese
13842,Latin,Latin
18722,Romanian,Romanian
3301,Turkish,Turkish
14481,Latin,Latin
11050,Pushto,Pushto
18945,Chinese,Chinese
4658,Latin,Latin
2631,Thai,Thai
468,Russian,Chinese
10930,Tamil,Tamil
3368,Urdu,Urdu
16358,Urdu,English
4749,English,English
16206,Hindi,Hindi
16641,Spanish,Spanish
19626,French,French
15320,Russian,Russian
12563,Latin,Latin
12379,Russian,Russian
9283,Turkish,Turkish
3833,Japanese,Chinese
14386,Romanian,Romanian
6456,Persian,Persian
7044,Turkish,Turkish
7715,Dutch,Dutch
3212,Swedish,Swedish
18052,Japanese,Chinese
19592,Portugese,Portugese
3450,Estonian,Estonian
12706,Estonian,Estonian
19498,Chinese,Chinese
20871,Korean,Korean
16978,Korean,Korean
7848,Swedish,Swedish
17812,Romanian,Romanian
16135,Tamil,Tamil
14014,Hindi,Hindi
9641,Latin,Latin
14309,Turkish,Turkish
10403,Persian,Persian
11235,Swedish,Swedish
7574,Pushto,Pushto
3,Tamil,Tamil
9626,Dutch,Dutch
16683,Portugese,Portugese
2036,Urdu,Urdu
2192,English,English
9835,Thai,Thai
18445,Romanian,Romanian
7819,Spanish,Spanish
16214,Indonesian,Indonesian
1738,Urdu,Urdu
11018,Tamil,Tamil
18060,Thai,Thai
4739,Estonian,French
2405,Estonian,Estonian
15839,Estonian,Estonian
4060,Korean,Korean
8516,Russian,Russian
13282,Portugese,Portugese
18602,Urdu,Urdu
17421,Turkish,Turkish
4807,Thai,Thai
21317,Thai,Thai
21555,Chinese,Chinese
12336,Urdu,Urdu
8068,Russian,Russian
6422,Urdu,Urdu
19741,French,French
20124,Arabic,Arabic
42,Latin,English
8610,Turkish,Turkish
13289,Portugese,Portugese
5314,Chinese,Chinese
4220,Persian,Persian
797,Spanish,Spanish
21600,Tamil,Tamil
396,English,English
12235,Swedish,Swedish
16669,Romanian,Romanian
2223,Persian,Persian
16510,Japanese,Chinese
17029,Tamil,Tamil
20880,Persian,Persian
7711,Swedish,Swedish
13656,Russian,Chinese
11511,Japanese,Chinese
8831,Chinese,Chinese
19825,Portugese,Portugese
7988,Estonian,Estonian
17781,Swedish,Swedish
5003,Japanese,Chinese
407,Korean,Korean
3541,Portugese,Portugese
46,Arabic,Arabic
21808,Japanese,Japanese
6437,English,English
12119,French,French
3241,Spanish,Spanish
10869,English,English
18153,Hindi,Hindi
14954,Tamil,Tamil
13963,Korean,Korean
4539,Arabic,Arabic
9190,Portugese,Portugese
13212,Tamil,Tamil
21160,Turkish,Turkish
15183,Arabic,Arabic
9062,Dutch,Dutch
21994,Tamil,Tamil
16093,Russian,Russian
8496,French,French
10654,French,French
15687,Portugese,Portugese
15004,Russian,Russian
9912,Portugese,Portugese
7837,Pushto,Pushto
15248,Thai,Thai
14403,Turkish,Turkish
16357,Tamil,Tamil
2498,Russian,Russian
7357,Russian,Latin
19875,French,French
4890,Urdu,Urdu
13635,Latin,Latin
16770,Japanese,Chinese
4044,Korean,Korean
19084,French,French
12923,Russian,Russian
2496,Tamil,Tamil
4313,Estonian,Chinese
16207,Persian,Persian
11386,Thai,Thai
19735,Portugese,Portugese
20792,Romanian,Romanian
14028,Swedish,Swedish
4219,Arabic,Arabic
7199,Indonesian,Indonesian
14571,Spanish,Spanish
20608,Urdu,Urdu
2331,Hindi,Hindi
7256,Russian,Russian
8962,Urdu,Urdu
12724,Dutch,Dutch
586,Portugese,Portugese
4408,Japanese,Russian
19828,Spanish,Spanish
12458,Thai,Thai
2637,Estonian,Estonian
21435,Pushto,Pushto
8253,Russian,Russian
2616,Japanese,Japanese
13570,Korean,Korean
7934,Japanese,Chinese
710,Persian,Persian
821,Indonesian,Indonesian
2717,Turkish,Turkish
3794,Russian,Russian
13750,Persian,Persian
1829,English,English
16757,Spanish,Spanish
4414,Korean,Korean
4177,Chinese,Chinese
15219,Chinese,Chinese
10273,Spanish,Spanish
1728,Turkish,Turkish
8122,Russian,Russian
12364,Tamil,Tamil
5586,Romanian,Romanian
6518,Spanish,Spanish
3518,Tamil,Tamil
20849,Swedish,Swedish
12269,Swedish,Swedish
16270,Pushto,Pushto
11361,Romanian,Romanian
8484,Chinese,Chinese
13504,Arabic,Arabic
17612,Urdu,Urdu
12557,Urdu,Urdu
7190,Urdu,Urdu
646,Arabic,Arabic
11060,Thai,Thai
17275,Dutch,Dutch
6408,Thai,Thai
21915,Thai,Thai
6427,Portugese,Portugese
5385,Thai,Thai
20148,Portugese,Portugese
21183,Spanish,Spanish
14359,Korean,Korean
17977,Romanian,Romanian
9625,Korean,Korean
12621,French,French
13084,Estonian,Estonian
20177,Indonesian,Indonesian
2619,Latin,Latin
2142,Turkish,Turkish
19736,Japanese,Japanese
20150,Latin,Latin
15665,Romanian,Romanian
1876,Romanian,Romanian
16993,Arabic,Arabic
5536,Urdu,Urdu
19169,Thai,Thai
13742,Urdu,Urdu
19893,Latin,Latin
20247,Thai,Thai
16117,Arabic,Arabic
11293,Persian,Persian
15556,Swedish,Swedish
1434,Arabic,Arabic
20295,Indonesian,Indonesian
16025,Portugese,Portugese
17199,Tamil,Tamil
12134,Thai,Thai
2518,Dutch,Dutch
17572,Spanish,Latin
11325,Persian,Persian
20176,English,English
12980,Swedish,Swedish
12295,Urdu,Urdu
16478,Swedish,Swedish
17299,Arabic,Arabic
15438,Spanish,Spanish
5372,Romanian,Romanian
3525,Japanese,Chinese
2338,Arabic,Arabic
9268,Portugese,Portugese
13135,Tamil,Tamil
12778,Urdu,Urdu
4951,Latin,Latin
12129,Persian,Persian
8187,Indonesian,Indonesian
15453,Swedish,Swedish
10099,Portugese,Portugese
1203,Turkish,Turkish
10898,Spanish,Spanish
458,Persian,Persian
19654,Latin,Latin
9706,Korean,Korean
16892,Romanian,Romanian
18124,Arabic,Arabic
15938,Arabic,Arabic
3474,Spanish,Spanish
16804,English,English
14104,Swedish,Swedish
11374,Estonian,Estonian
15487,Hindi,Hindi
14694,Tamil,Tamil
5150,Spanish,Spanish
6222,Indonesian,Indonesian
3338,Indonesian,Indonesian
4922,Romanian,English
3814,Romanian,Romanian
4040,Swedish,Swedish
14334,Spanish,Spanish
5702,Hindi,Hindi
20075,Romanian,Romanian
2125,Swedish,Swedish
21103,Tamil,Tamil
670,Romanian,Romanian
1166,Persian,Persian
11810,Hindi,Hindi
10141,Chinese,Chinese
12347,Russian,Russian
6984,English,English
17342,English,English
13654,Spanish,Spanish
17374,Chinese,Chinese
9054,Pushto,Pushto
1223,Arabic,Arabic
432,Hindi,Hindi
15388,Tamil,Tamil
6525,Japanese,Chinese
18374,Romanian,Romanian
13748,Chinese,Chinese
3715,Turkish,Turkish
5051,Estonian,Estonian
9719,Urdu,Urdu
10618,Thai,Thai
8880,Indonesian,Indonesian
4208,Indonesian,Indonesian
9001,Japanese,Japanese
16812,Turkish,Turkish
5101,Persian,Persian
2709,Russian,Russian
19704,Korean,Korean
4757,Indonesian,Indonesian
7339,Hindi,Hindi
19785,Portugese,Portugese
9632,Korean,Korean
11857,Arabic,Arabic
6014,Korean,Korean
7878,Japanese,Chinese
20796,Estonian,Estonian
13770,English,English
315,Japanese,Chinese
15503,Persian,Persian
19766,Swedish,Swedish
10275,Urdu,Urdu
19452,Thai,Thai
1423,Romanian,Romanian
19671,Portugese,Portugese
19387,Urdu,Urdu
9668,Arabic,Arabic
18333,Korean,Korean
15064,Portugese,Portugese
4009,Urdu,Urdu
9582,Pushto,Pushto
10680,Turkish,Turkish
20308,French,French
7606,Portugese,Portugese
6306,Indonesian,Indonesian
12369,Arabic,Arabic
6277,Arabic,Arabic
14098,Spanish,Spanish
8498,Tamil,Tamil
286,Russian,Russian
17182,Russian,Russian
11274,Chinese,Chinese
6510,Korean,Korean
18577,Russian,Russian
4084,Turkish,Turkish
8189,Indonesian,Indonesian
6495,Chinese,Chinese
293,Russian,Russian
21998,Chinese,Chinese
10934,Latin,Latin
19384,Latin,Latin
4206,Urdu,Urdu
5500,Thai,Thai
3092,English,English
3204,Hindi,Hindi
7338,Dutch,Dutch
18876,Latin,Latin
21935,Japanese,Japanese
21818,Romanian,Romanian
21305,French,French
4354,Pushto,Pushto
909,Dutch,Dutch
9300,Dutch,Dutch
6950,Latin,Latin
16987,Spanish,Spanish
8464,Arabic,Arabic
12440,Tamil,Tamil
2002,Persian,Persian
7169,English,English
1710,Romanian,Romanian
14958,English,English
16628,Indonesian,Indonesian
21173,French,French
14561,Korean,Korean
979,Romanian,Romanian
6976,Portugese,Portugese
1881,Japanese,Latin
10159,Chinese,Chinese
17946,Thai,Thai
623,Thai,Thai
18298,Turkish,Turkish
17522,Turkish,Turkish
14547,Thai,Thai
4615,Japanese,Chinese
10972,Latin,Latin
7684,Indonesian,Indonesian
1157,Portugese,Portugese
6239,Arabic,Arabic
12329,Dutch,Dutch
20984,Indonesian,Chinese
10498,Russian,Russian
21295,Estonian,Estonian
6865,Turkish,Turkish
2718,Spanish,Spanish
588,Chinese,Chinese
18570,Hindi,Hindi
19024,Indonesian,Indonesian
21066,Indonesian,Indonesian
4544,Japanese,Chinese
6804,French,French
18750,Hindi,Hindi
16702,Dutch,Dutch
13882,Portugese,Portugese
7194,Arabic,Arabic
6304,Estonian,Estonian
5353,English,English
4421,Persian,Persian
12776,Persian,Persian
7593,Thai,Thai
11372,Portugese,Portugese
17789,Pushto,Pushto
8228,Pushto,Pushto
6292,French,French
17638,Pushto,Pushto
8246,Persian,Persian
854,Spanish,Spanish
18596,Russian,Russian
13865,Persian,Persian
2950,Pushto,Pushto
20159,Dutch,Dutch
4437,Spanish,Spanish
3639,Turkish,Turkish
1343,Dutch,Dutch
4074,Portugese,Portugese
19015,Tamil,Tamil
7784,Korean,Korean
6494,Turkish,Turkish
18514,Estonian,Estonian
21547,French,French
738,Romanian,Romanian
6728,Hindi,Hindi
20599,Pushto,English
14815,Russian,Russian
21502,Thai,Thai
11712,Persian,Persian
451,Portugese,Portugese
21827,Swedish,Swedish
2074,Portugese,Portugese
5000,Persian,Persian
5953,Spanish,Spanish
1075,Turkish,Turkish
15141,French,French
9470,Arabic,Arabic
13329,Korean,Korean
4047,Chinese,Chinese
14846,Latin,Latin
20851,Chinese,Chinese
4697,Spanish,Spanish
14512,Korean,Korean
14757,Japanese,Chinese
5760,Swedish,Swedish
1148,Portugese,Portugese
15915,Korean,Korean
13226,Dutch,Dutch
9938,Swedish,Swedish
1241,Swedish,Swedish
11350,English,English
13499,Pushto,Pushto
4524,Romanian,Romanian
16390,Korean,Korean
12139,Romanian,Romanian
8564,Portugese,Portugese
9999,Urdu,Urdu
5525,English,English
41,Urdu,Urdu
5251,Arabic,Arabic
8214,Indonesian,Indonesian
16919,Portugese,Portugese
8280,English,English
12438,Chinese,Chinese
3957,Arabic,Arabic
20197,Persian,Persian
2592,Japanese,Chinese
5677,Swedish,Swedish
8777,Estonian,Estonian
3490,Estonian,Estonian
2042,Korean,Korean
1127,Persian,Persian
3604,Arabic,Arabic
18544,Chinese,Chinese
17658,Korean,Korean
7863,English,English
16191,Arabic,Arabic
7663,Latin,Latin
18353,Thai,Thai
5219,Latin,Latin
8744,Indonesian,Indonesian
20669,French,French
1351,Japanese,Chinese
8340,Indonesian,Indonesian
2599,Dutch,Dutch
12401,Hindi,Hindi
8333,Romanian,Romanian
6119,Urdu,Urdu
13097,Turkish,Turkish
4203,Arabic,Arabic
17429,Dutch,Dutch
8401,Tamil,Tamil
1948,Persian,Persian
12589,Hindi,Hindi
90,English,English
14923,Hindi,Hindi
35,Latin,Latin
10134,Estonian,Estonian
13967,Swedish,Swedish
6789,Portugese,Portugese
17272,Urdu,Urdu
21377,Thai,Thai
12446,Turkish,Turkish
19883,English,English
8632,Estonian,Estonian
14595,Persian,Persian
9224,Latin,Latin
4342,Japanese,Japanese
707,Portugese,Portugese
2217,Chinese,Chinese
20109,Tamil,Tamil
12270,Hindi,Hindi
9670,Portugese,Portugese
8858,Tamil,Tamil
21348,English,English
18790,Pushto,Pushto
8588,Korean,Korean
2973,Swedish,Swedish
5354,Turkish,Turkish
8915,Romanian,Romanian
7274,Estonian,Estonian
7464,Thai,Thai
3263,Hindi,Hindi
9567,Indonesian,Indonesian
11763,Estonian,Estonian
21288,Pushto,Pushto
7610,Korean,Korean
20201,Chinese,Chinese
18656,Romanian,Romanian
6143,Estonian,Estonian
19546,Estonian,Estonian
17826,Urdu,Urdu
18233,Turkish,Turkish
15116,Thai,Thai
2010,Korean,Korean
8335,Latin,Latin
17519,Japanese,Chinese
4048,Swedish,Swedish
11059,Tamil,Tamil
5133,Pushto,Pushto
8674,Chinese,Chinese
7007,Romanian,Romanian
18563,Hindi,Hindi
19246,Estonian,Estonian
17981,English,English
10926,Arabic,Arabic
21873,Indonesian,Indonesian
10373,Latin,Latin
11704,Spanish,Spanish
20721,Latin,Latin
15926,Dutch,Dutch
8559,Portugese,Portugese
13812,Romanian,Romanian
12352,Russian,Russian
4339,Japanese,Japanese
5371,Chinese,Chinese
4579,Pushto,Pushto
6314,Turkish,Turkish
20710,Korean,Korean
6185,Urdu,Urdu
16598,Japanese,Japanese
18028,Dutch,Dutch
17233,Hindi,Hindi
18081,Hindi,Hindi
1873,Turkish,Turkish
2231,Portugese,Portugese
9403,French,French
20771,Urdu,Urdu
6989,Thai,Thai
17393,Romanian,Romanian
259,Indonesian,Indonesian
8497,Dutch,Latin
653,Swedish,Swedish
19552,Tamil,Tamil
21731,French,French
14061,Persian,Persian
4791,Latin,Latin
6173,English,English
18363,Japanese,Japanese
3420,Estonian,Estonian
14068,English,English
17508,Swedish,Swedish
838,Chinese,Chinese
13283,Latin,Latin
9695,English,English
20153,Chinese,Chinese
10207,Swedish,Swedish
16516,Portugese,Portugese
20503,Turkish,Turkish
21195,Thai,Thai
8780,Indonesian,Indonesian
17,Portugese,Portugese
5952,Turkish,Turkish
12781,Swedish,Swedish
18792,Portugese,Portugese
10927,Indonesian,Indonesian
17979,Japanese,Chinese
15878,Thai,Thai
4968,Latin,Latin
7809,Russian,Russian
6336,Turkish,English
17971,Tamil,Tamil
8593,Russian,Russian
3497,Persian,Persian
5687,Dutch,Dutch
15059,Portugese,Portugese
16272,Arabic,Arabic
19740,Thai,Thai
9405,English,English
11937,French,French
649,Portugese,Portugese
17161,Latin,Latin
7146,Turkish,Turkish
6735,Arabic,Arabic
3785,Romanian,Romanian
3369,Korean,Korean
1325,Portugese,Portugese
9279,Indonesian,Indonesian
14681,Thai,Thai
20051,Russian,Russian
21491,Russian,Russian
16197,Russian,Russian
3501,Turkish,Turkish
1913,Hindi,English
6483,Spanish,Spanish
14552,English,English
10172,Korean,Korean
16383,Indonesian,Indonesian
17843,Turkish,Turkish
4441,Spanish,Spanish
5735,Estonian,Estonian
8274,Tamil,Tamil
10495,Turkish,Turkish
4847,Portugese,Portugese
16202,Pushto,English
1433,Dutch,Dutch
3737,Japanese,Japanese
12596,Arabic,Arabic
9285,Arabic,Arabic
14841,Romanian,Romanian
217,Turkish,Turkish
10939,Thai,Thai
13651,French,French
8160,French,French
20665,Pushto,Pushto
1400,Chinese,Chinese
8846,Romanian,Romanian
8967,Portugese,Portugese
5550,Japanese,Japanese
19524,Arabic,Arabic
6579,Latin,Latin
10251,Persian,Persian
1745,Swedish,Swedish
9010,Latin,Latin
9548,Russian,Russian
15837,Tamil,Tamil
11201,Indonesian,Indonesian
16424,Estonian,Estonian
4529,French,French
17073,English,English
4923,Thai,Thai
10258,Latin,Latin
7818,Japanese,Japanese
15386,Korean,Korean
10059,Persian,Persian
17641,Portugese,Portugese
7831,Russian,Estonian
1191,French,French
2812,Pushto,Pushto
13976,Urdu,Urdu
19210,Dutch,Dutch
893,Arabic,Arabic
5004,Turkish,Turkish
17696,Indonesian,English
1327,Swedish,Swedish
7927,Indonesian,Indonesian
21164,Thai,Thai
14083,Japanese,Japanese
1845,Thai,Thai
19432,Dutch,Dutch
10900,Indonesian,Indonesian
21911,Spanish,Spanish
4211,English,English
15481,Romanian,Romanian
17300,Estonian,Estonian
387,French,French
9407,Tamil,Tamil
13902,Russian,Chinese
11847,Indonesian,Indonesian
1362,Chinese,English
1039,English,English
4126,Indonesian,Indonesian
14150,French,French
5686,English,English
18877,English,English
19538,French,French
2461,Swedish,Swedish
843,Arabic,Arabic
14164,Russian,Chinese
13223,English,English
10415,Chinese,Chinese
20590,Urdu,Urdu
3226,Indonesian,Indonesian
10818,Estonian,Estonian
8243,Swedish,Swedish
16682,Romanian,Romanian
6152,Indonesian,Indonesian
6076,Romanian,Romanian
16359,Latin,Latin
5707,Estonian,Estonian
5743,Chinese,Chinese
12412,Korean,Korean
19683,Tamil,Tamil
18598,Hindi,Hindi
15691,Pushto,Pushto
7492,Dutch,Dutch
8467,Portugese,Portugese
140,Korean,Korean
7797,Russian,Russian
21893,Persian,Persian
20310,Russian,Russian
6921,Turkish,Chinese
14900,Portugese,Portugese
13612,Tamil,Tamil
9411,Tamil,Tamil
2073,French,French
15793,Arabic,Arabic
2119,Estonian,Estonian
3391,Tamil,Tamil
1448,Urdu,Urdu
16050,Tamil,Tamil
1376,Estonian,Estonian
9756,Dutch,Dutch
2768,Chinese,Chinese
278,Thai,Thai
12595,Tamil,Tamil
11394,Spanish,Spanish
11251,Pushto,Pushto
3350,Spanish,Spanish
16969,French,French
13779,Pushto,Pushto
360,Swedish,Swedish
17988,English,English
514,Tamil,Tamil
5207,Thai,Thai
18778,Spanish,Spanish
14543,English,English
12787,Tamil,Tamil
6380,Portugese,Portugese
5839,French,French
3062,Pushto,Pushto
8177,Turkish,Turkish
2804,Portugese,Portugese
13540,Romanian,Romanian
3852,Korean,Korean
1051,Turkish,Turkish
2393,Swedish,Swedish
8105,Dutch,Dutch
5068,Tamil,Tamil
15777,French,French
8385,Dutch,Dutch
11574,Swedish,Swedish
19045,Russian,Russian
5826,Hindi,Hindi
12707,Hindi,Hindi
10192,Hindi,Hindi
7923,Thai,Thai
14486,Arabic,Arabic
5482,Portugese,Portugese
9594,Urdu,Urdu
9215,English,English
8013,Arabic,Arabic
11923,Tamil,Tamil
13586,Romanian,Romanian
11425,Persian,Persian
7922,Estonian,Estonian
5488,French,French
5611,Arabic,Arabic
7569,Persian,Persian
13536,French,French
12584,English,English
20540,Persian,Persian
13129,Thai,Thai
16966,Latin,Latin
5527,Arabic,Arabic
2416,Tamil,Tamil
16590,Hindi,Hindi
4596,Russian,Russian
20297,English,English
11796,Thai,Thai
7766,Thai,Thai
4029,Arabic,Arabic
13566,Portugese,Portugese
14975,Indonesian,Indonesian
9944,Romanian,Romanian
13263,Persian,Persian
19567,Latin,Latin
3864,English,English
10653,Arabic,Arabic
21324,Russian,Russian
17096,Hindi,Hindi
12099,Tamil,Tamil
3184,Spanish,Spanish
7984,Estonian,Estonian
4131,Latin,Latin
1711,Latin,Latin
2871,Romanian,English
6162,Spanish,Spanish
17365,Romanian,Romanian
20185,Urdu,English
10920,Chinese,Chinese
7152,Dutch,Dutch
477,Korean,Korean
4913,English,English
3792,Russian,Russian
15416,Spanish,Spanish
12931,Arabic,Arabic
21589,Arabic,Arabic
6169,Romanian,Romanian
12762,Korean,Korean
18165,Hindi,Hindi
10867,Tamil,Tamil
8165,Hindi,Hindi
17045,Japanese,Chinese
13082,Tamil,Tamil
11564,Chinese,Chinese
19127,Pushto,Pushto
21201,Turkish,Turkish
14274,Tamil,Tamil
3509,Arabic,Arabic
11157,French,French
16885,Dutch,Dutch
20673,Estonian,Estonian
16161,Latin,Latin
3083,Hindi,Hindi
2792,Persian,Persian
14232,Arabic,Arabic
972,English,English
14450,Indonesian,Indonesian
554,Persian,Persian
7303,Turkish,Turkish
9060,Portugese,Portugese
8220,English,English
5569,Japanese,Chinese
18829,Tamil,Tamil
7439,Persian,Persian
18107,Swedish,Swedish
17765,Arabic,Arabic
6566,Portugese,Portugese
15741,Dutch,Dutch
17183,Thai,Thai
20934,Latin,Latin
4478,Japanese,Chinese
18787,French,French
13974,Swedish,Swedish
3171,Swedish,Swedish
11435,Japanese,Japanese
13667,Estonian,Estonian
3727,Indonesian,Indonesian
19031,Turkish,Turkish
6653,Pushto,Pushto
10575,Spanish,Spanish
21930,Turkish,Turkish
20160,French,French
3257,Persian,Persian
19593,Dutch,Dutch
19424,Urdu,Urdu
735,Japanese,Chinese
18207,Dutch,Dutch
10859,Dutch,Dutch
4101,Russian,Russian
9687,French,French
11310,Korean,Korean
17301,Latin,Latin
11429,Romanian,Romanian
4538,Russian,Russian
19981,Chinese,English
6590,English,English
1339,Estonian,Estonian
13964,Chinese,Chinese
2887,Thai,Thai
11031,Russian,Russian
5984,Japanese,Chinese
1069,Pushto,Pushto
14460,English,English
12918,Urdu,Urdu
15784,Estonian,Estonian
10190,Estonian,Japanese
5594,French,French
1999,Portugese,Portugese
5835,Chinese,Chinese
2549,Urdu,Urdu
6212,Urdu,Urdu
17117,Estonian,Estonian
16526,English,English
20244,Korean,Japanese
12363,Urdu,Urdu
16565,Arabic,Arabic
8052,Urdu,Japanese
5872,Indonesian,Indonesian
4991,Indonesian,Indonesian
1445,Tamil,Tamil
10342,Latin,Latin
7782,Russian,Russian
8801,Swedish,Swedish
6023,Indonesian,Indonesian
10713,Chinese,Estonian
2457,Russian,Russian
5619,French,French
10601,Japanese,Chinese
8628,Romanian,Romanian
12796,Persian,Persian
15140,English,Chinese
6250,Thai,Thai
10620,French,French
18176,Dutch,Chinese
345,Pushto,Pushto
17951,Romanian,Romanian
12324,Russian,Chinese
11908,Korean,Korean
19558,Portugese,Portugese
1965,Dutch,Dutch
9350,French,French
4236,Japanese,Chinese
20767,Persian,Persian
12602,Russian,Russian
13171,French,French
19794,Latin,Latin
15427,Russian,Russian
14380,Latin,Latin
19186,Chinese,Chinese
12613,Latin,Latin
923,Portugese,English
1090,Urdu,Urdu
13176,Korean,Korean
12436,Chinese,Chinese
3544,Dutch,Dutch
3631,Swedish,Swedish
20375,Pushto,Pushto
3040,Russian,Spanish
21557,English,English
3437,French,French
16891,Chinese,Chinese
6901,Hindi,Hindi
2714,Russian,Russian
15168,Spanish,Spanish
18975,Hindi,Hindi
14417,Russian,Russian
1366,Urdu,Urdu
5201,English,English
6452,English,English
19309,Turkish,Turkish
6534,Dutch,Dutch
3026,Pushto,Pushto
2243,Dutch,Dutch
20497,Indonesian,Indonesian
8687,Turkish,Turkish
19421,Indonesian,Indonesian
20768,Persian,Persian
4565,Estonian,Estonian
20192,Chinese,Estonian
11649,English,English
7335,Pushto,Pushto
12160,Dutch,Dutch
17523,Thai,Thai
21523,Turkish,Turkish
9332,Korean,Korean
19765,Pushto,Pushto
16958,Persian,Persian
15297,Hindi,Hindi
6844,French,French
13603,Tamil,Tamil
8592,Latin,Latin
2138,Hindi,Hindi
2427,Spanish,Spanish
2809,Korean,Korean
13364,Arabic,Arabic
5236,Indonesian,Indonesian
2388,Indonesian,Indonesian
12098,French,French
6807,Persian,Persian
2921,Russian,Russian
11089,Hindi,Hindi
594,Tamil,Tamil
6506,Urdu,Urdu
9297,Estonian,Estonian
2699,Chinese,Latin
20847,Russian,Russian
230,English,English
11828,Spanish,Spanish
16004,Estonian,Estonian
1387,English,English
10664,Korean,Korean
11209,Urdu,English
3981,Indonesian,Indonesian
14357,Thai,Thai
13606,Urdu,Urdu
16347,Portugese,Portugese
2763,Indonesian,Indonesian
17244,Indonesian,Indonesian
15577,English,English
15139,Arabic,Arabic
2650,Swedish,Swedish
6226,Latin,Latin
17721,Hindi,Hindi
16537,Tamil,Tamil
9793,Pushto,Pushto
21614,Turkish,Turkish
3431,French,French
21516,Urdu,Urdu
7551,Korean,Chinese
169,Thai,Thai
6217,Pushto,Pushto
6531,Swedish,Swedish
17716,Romanian,Romanian
8347,English,English
18818,Korean,Korean
10408,Portugese,Portugese
15444,English,English
12577,English,English
2468,Korean,Korean
7895,Indonesian,Indonesian
21832,Urdu,Urdu
137,Russian,Russian
15996,Portugese,Portugese
14843,Chinese,Chinese
11984,Pushto,Pushto
9777,Korean,Korean
13295,English,English
1033,Swedish,Swedish
17834,Dutch,Dutch
16520,French,French
18154,French,French
10418,Korean,Korean
5947,Swedish,Swedish
20625,Russian,Russian
4610,Arabic,Arabic
1401,Persian,Persian
13478,Tamil,Tamil
3926,Arabic,Arabic
18575,Russian,Russian
19967,French,French
4430,Turkish,Turkish
15506,Indonesian,Indonesian
15094,Urdu,Urdu
12453,Japanese,Japanese
5184,Spanish,Spanish
21967,Hindi,Hindi
14961,Tamil,Tamil
6571,Korean,Chinese
2508,Romanian,Romanian
11910,French,French
748,Hindi,Hindi
20561,Indonesian,Indonesian
19742,Spanish,Spanish
2716,Indonesian,Indonesian
13670,French,French
18146,Pushto,Pushto
3685,Turkish,Turkish
13431,Russian,Russian
21200,Estonian,Estonian
20865,Latin,Latin
4851,Estonian,Estonian
7421,Japanese,Latin
13975,Arabic,Arabic
12765,Korean,Korean
11243,Japanese,Japanese
17526,Korean,Korean
15613,Chinese,Chinese
7772,Tamil,Tamil
12626,Thai,Thai
6691,Thai,Thai
10487,Chinese,Chinese
21543,Thai,Thai
1682,Estonian,Estonian
716,Romanian,Romanian
2693,Urdu,Urdu
5759,Latin,Latin
15049,Spanish,Spanish
16742,Indonesian,Indonesian
20844,Arabic,Arabic
17489,Swedish,Swedish
3454,Spanish,Spanish
15029,Dutch,Dutch
4726,Turkish,Turkish
20816,Estonian,Estonian
8874,French,French
1591,Chinese,Chinese
6,Turkish,Turkish
2758,Chinese,Chinese
5280,Tamil,Tamil
10965,Japanese,Chinese
17764,Estonian,Estonian
6846,English,English
18603,Persian,Persian
7308,English,English
15430,Estonian,Estonian
10457,Arabic,Arabic
5273,Spanish,Spanish
6391,Latin,Latin
19840,Spanish,Spanish
8087,Hindi,Hindi
17020,Thai,Thai
1026,Dutch,Dutch
6986,Chinese,Chinese
21180,Portugese,Portugese
6758,Thai,Thai
4928,Turkish,Turkish
19500,Spanish,Spanish
10381,Chinese,Chinese
18087,English,English
4299,Latin,Latin
9723,English,English
10484,Estonian,Estonian
12797,Chinese,Chinese
11512,Romanian,Romanian
7236,Pushto,English
19987,Romanian,Romanian
11023,Tamil,Tamil
10553,Tamil,Tamil
19585,Turkish,Turkish
20114,English,English
3158,Indonesian,Indonesian
21826,Thai,Thai
7997,Dutch,Dutch
4793,French,French
13435,Tamil,English
17344,Tamil,Tamil
17493,Swedish,Swedish
8652,Turkish,Turkish
15796,Latin,Latin
8519,Indonesian,Indonesian
559,Thai,Thai
18983,Indonesian,Indonesian
12575,Russian,Russian
12086,English,English
15197,Indonesian,Indonesian
7604,Portugese,Portugese
3698,Thai,Thai
4455,Russian,Russian
13298,Japanese,Chinese
17763,Tamil,Tamil
6614,Romanian,Romanian
10353,Urdu,Urdu
15210,Dutch,Dutch
10426,Hindi,Hindi
20262,Spanish,Spanish
7648,Russian,Russian
6817,Hindi,English
9499,Chinese,Chinese
18628,Turkish,Turkish
5358,Dutch,Dutch
16557,Latin,Latin
10901,Korean,Korean
3524,Portugese,English
7207,Latin,Latin
13204,Romanian,Romanian
15623,Spanish,Spanish
6788,Hindi,Hindi
18447,Spanish,Spanish
20058,Urdu,Urdu
11457,Turkish,Turkish
11990,Chinese,Chinese
6323,Tamil,Tamil
9618,Thai,English
14811,Estonian,Estonian
5945,Pushto,Pushto
11570,Turkish,Turkish
14956,Arabic,Arabic
16580,French,French
14593,English,English
20515,Pushto,Pushto
19475,Thai,Thai
4997,Estonian,Estonian
1281,Estonian,Estonian
8210,Pushto,Pushto
19011,Portugese,Portugese
1676,Russian,Russian
7049,Indonesian,English
20737,Spanish,Spanish
361,Romanian,Romanian
18995,Pushto,Pushto
7331,Korean,Korean
13907,Swedish,Swedish
13459,Latin,Latin
17883,Turkish,Turkish
16673,Arabic,Arabic
11028,Russian,Russian
3039,Urdu,Urdu
13808,Chinese,Chinese
19435,Thai,Thai
13791,Chinese,Chinese
5873,Persian,Persian
1161,English,English
14405,Spanish,Spanish
8350,Latin,Latin
7846,Tamil,Tamil
461,Romanian,Romanian
19411,Arabic,Arabic
18475,Pushto,Pushto
8539,Chinese,Chinese
11962,Chinese,Chinese
21650,Pushto,Pushto
17122,Urdu,Urdu
14411,Thai,Thai
7707,Latin,Latin
4355,Pushto,Pushto
6873,Hindi,Hindi
488,Turkish,Russian
10565,Arabic,Arabic
7638,Romanian,Romanian
4759,Korean,Korean
14670,Japanese,Chinese
9378,Latin,Latin
21664,Portugese,Portugese
902,Persian,Persian
2291,Russian,Russian
15641,English,English
21828,Chinese,Chinese
3919,Tamil,Tamil
19734,Hindi,Hindi
7602,Tamil,Tamil
10810,Portugese,Portugese
17195,Korean,Korean
17784,French,French
21332,Tamil,Tamil
11184,Dutch,Dutch
8587,Latin,Latin
1653,Japanese,Chinese
12372,Persian,Persian
20198,Estonian,Estonian
128,Thai,Thai
2947,Portugese,Portugese
12896,Pushto,Pushto
17849,Turkish,Turkish
8570,Persian,Persian
2684,Estonian,Estonian
4515,Korean,Korean
16137,Chinese,Chinese
16736,Chinese,Chinese
15713,Hindi,Hindi
9335,Pushto,Pushto
19456,Thai,Thai
19034,Persian,Persian
6746,Russian,Russian
8995,Tamil,Tamil
12813,Romanian,Romanian
19308,Chinese,Chinese
10566,Arabic,Arabic
2641,Spanish,Spanish
14021,Japanese,Chinese
20091,Portugese,Portugese
18173,Swedish,Swedish
6462,Swedish,Swedish
21855,Estonian,Estonian
10628,Latin,Latin
7603,Pushto,Pushto
21841,Japanese,Japanese
14567,Spanish,Spanish
8870,Estonian,Estonian
6786,Arabic,Arabic
3202,Latin,Latin
18595,Tamil,Tamil
11480,Japanese,Chinese
2194,Arabic,Arabic
10813,Russian,Russian
17867,Portugese,Portugese
4089,Latin,Latin
4704,Turkish,Turkish
15513,Japanese,Chinese
8402,Portugese,Portugese
4144,Indonesian,Indonesian
19152,Thai,Thai
2053,Thai,Thai
9760,Urdu,Urdu
20238,Indonesian,Latin
20925,Japanese,Chinese
14399,Indonesian,Indonesian
15635,Korean,Korean
7535,Korean,Korean
21679,Thai,Thai
1278,Latin,Latin
21326,Latin,Latin
